#,Associated Cell Fates,Steady State Probability,Cln3,MBF,SBF,Cln1-2,Cdh1,Swi5,Cdc20,Clb5-6,Sic1,Clb1-2,Mcm1
1,,0.083624,0,0,0,0,0,0,0,0,0,0,0
2,,0.00011187,0,0,0,0,0,0,0,0,0,0,1
3,,8.2913e-05,0,0,0,0,0,0,0,0,0,1,0
4,,1.7485e-07,0,0,0,0,0,0,0,0,0,1,1
5,,0.07864,0,0,0,0,0,0,0,0,1,0,0
6,,7.8876e-05,0,0,0,0,0,0,0,0,1,0,1
7,,3.7042e-06,0,0,0,0,0,0,0,0,1,1,0
8,,3.8173e-09,0,0,0,0,0,0,0,0,1,1,1
9,,8.3247e-05,0,0,0,0,0,0,0,1,0,0,0
10,,5.8229e-05,0,0,0,0,0,0,0,1,0,0,1
11,,8.6957e-08,0,0,0,0,0,0,0,1,0,1,0
12,,8.3097e-05,0,0,0,0,0,0,0,1,0,1,1
13,,3.7431e-06,0,0,0,0,0,0,0,1,1,0,0
14,,6.5531e-09,0,0,0,0,0,0,0,1,1,0,1
15,,3.2805e-10,0,0,0,0,0,0,0,1,1,1,0
16,,3.8437e-09,0,0,0,0,0,0,0,1,1,1,1
17,,8.3708e-05,0,0,0,0,0,0,1,0,0,0,0
18,,7.7163e-06,0,0,0,0,0,0,1,0,0,0,1
19,,9.2134e-08,0,0,0,0,0,0,1,0,0,1,0
20,,8.4024e-05,0,0,0,0,0,0,1,0,0,1,1
21,,7.8729e-05,0,0,0,0,0,0,1,0,1,0,0
22,,0.00011604,0,0,0,0,0,0,1,0,1,0,1
23,,6.0869e-09,0,0,0,0,0,0,1,0,1,1,0
24,,2.1835e-06,0,0,0,0,0,0,1,0,1,1,1
25,,8.333e-08,0,0,0,0,0,0,1,1,0,0,0
26,,6.583e-08,0,0,0,0,0,0,1,1,0,0,1
27,,1.2886e-08,0,0,0,0,0,0,1,1,0,1,0
28,,0.0002825,0,0,0,0,0,0,1,1,0,1,1
29,,3.7472e-09,0,0,0,0,0,0,1,1,1,0,0
30,,5.1734e-09,0,0,0,0,0,0,1,1,1,0,1
31,,6.3978e-13,0,0,0,0,0,0,1,1,1,1,0
32,,9.251e-10,0,0,0,0,0,0,1,1,1,1,1
33,,8.4026e-05,0,0,0,0,0,1,0,0,0,0,0
34,,1.9526e-07,0,0,0,0,0,1,0,0,0,0,1
35,,8.8187e-08,0,0,0,0,0,1,0,0,0,1,0
36,,9.5166e-08,0,0,0,0,0,1,0,0,0,1,1
37,,7.8901e-05,0,0,0,0,0,1,0,0,1,0,0
38,,1.8618e-07,0,0,0,0,0,1,0,0,1,0,1
39,,3.7378e-09,0,0,0,0,0,1,0,0,1,1,0
40,,9.4378e-08,0,0,0,0,0,1,0,0,1,1,1
41,,8.3344e-08,0,0,0,0,0,1,0,1,0,0,0
42,,5.8432e-08,0,0,0,0,0,1,0,1,0,0,1
43,,9.5258e-11,0,0,0,0,0,1,0,1,0,1,0
44,,9.6525e-08,0,0,0,0,0,1,0,1,0,1,1
45,,3.6644e-09,0,0,0,0,0,1,0,1,1,0,0
46,,7.6084e-12,0,0,0,0,0,1,0,1,1,0,1
47,,2.6747e-13,0,0,0,0,0,1,0,1,1,1,0
48,,1.9012e-11,0,0,0,0,0,1,0,1,1,1,1
49,,0.00011587,0,0,0,0,0,1,1,0,0,0,0
50,,4.1773e-07,0,0,0,0,0,1,1,0,0,0,1
51,,0.00011173,0,0,0,0,0,1,1,0,0,1,0
52,M phase,0.0020889,0,0,0,0,0,1,1,0,0,1,1
53,,8.4076e-05,0,0,0,0,0,1,1,0,1,0,0
54,M phase,0.0020755,0,0,0,0,0,1,1,0,1,0,1
55,,2.4633e-06,0,0,0,0,0,1,1,0,1,1,0
56,M phase,0.0020784,0,0,0,0,0,1,1,0,1,1,1
57,,5.4574e-09,0,0,0,0,0,1,1,1,0,0,0
58,,1.0945e-08,0,0,0,0,0,1,1,1,0,0,1
59,,1.8089e-07,0,0,0,0,0,1,1,1,0,1,0
60,,0.00029597,0,0,0,0,0,1,1,1,0,1,1
61,,3.6085e-09,0,0,0,0,0,1,1,1,1,0,0
62,,2.5315e-10,0,0,0,0,0,1,1,1,1,0,1
63,,4.1779e-10,0,0,0,0,0,1,1,1,1,1,0
64,,3.3399e-07,0,0,0,0,0,1,1,1,1,1,1
65,,0.058598,0,0,0,0,1,0,0,0,0,0,0
66,,5.8658e-05,0,0,0,0,1,0,0,0,0,0,1
67,,2.7152e-06,0,0,0,0,1,0,0,0,0,1,0
68,,2.7221e-09,0,0,0,0,1,0,0,0,0,1,1
69,Stationary G1 phase,0.53538,0,0,0,0,1,0,0,0,1,0,0
70,,0.00053591,0,0,0,0,1,0,0,0,1,0,1
71,,1.0096e-08,0,0,0,0,1,0,0,0,1,1,0
72,,1.0209e-11,0,0,0,0,1,0,0,0,1,1,1
73,,5.8289e-05,0,0,0,0,1,0,0,1,0,0,0
74,,6.0984e-08,0,0,0,0,1,0,0,1,0,0,1
75,,2.7247e-09,0,0,0,0,1,0,0,1,0,1,0
76,,3.7662e-09,0,0,0,0,1,0,0,1,0,1,1
77,,2.4497e-05,0,0,0,0,1,0,0,1,1,0,0
78,,2.4522e-08,0,0,0,0,1,0,0,1,1,0,1
79,,5.6764e-12,0,0,0,0,1,0,0,1,1,1,0
80,,1.8018e-13,0,0,0,0,1,0,0,1,1,1,1
81,,5.8659e-05,0,0,0,0,1,0,1,0,0,0,0
82,,6.1881e-08,0,0,0,0,1,0,1,0,0,0,1
83,,2.7258e-09,0,0,0,0,1,0,1,0,0,1,0
84,,3.7939e-09,0,0,0,0,1,0,1,0,0,1,1
85,,0.00053603,0,0,0,0,1,0,1,0,1,0,0
86,,9.6132e-07,0,0,0,0,1,0,1,0,1,0,1
87,,1.808e-11,0,0,0,0,1,0,1,0,1,1,0
88,,2.0913e-09,0,0,0,0,1,0,1,0,1,1,1
89,,5.835e-08,0,0,0,0,1,0,1,1,0,0,0
90,,6.1516e-11,0,0,0,0,1,0,1,1,0,0,1
91,,2.7365e-12,0,0,0,0,1,0,1,1,0,1,0
92,,4.8724e-11,0,0,0,0,1,0,1,1,0,1,1
93,,2.4523e-08,0,0,0,0,1,0,1,1,1,0,0
94,,3.774e-11,0,0,0,0,1,0,1,1,1,0,1
95,,6.1568e-15,0,0,0,0,1,0,1,1,1,1,0
96,,1.3189e-13,0,0,0,0,1,0,1,1,1,1,1
97,,5.8752e-05,0,0,0,0,1,1,0,0,0,0,0
98,,1.1688e-07,0,0,0,0,1,1,0,0,0,0,1
99,,2.7259e-09,0,0,0,0,1,1,0,0,0,1,0
100,,1.0735e-11,0,0,0,0,1,1,0,0,0,1,1
101,Excited G1 state,0.004262,0,0,0,0,1,1,0,0,1,0,0
102,,4.3719e-06,0,0,0,0,1,1,0,0,1,0,1
103,,9.1176e-09,0,0,0,0,1,1,0,0,1,1,0
104,,1.061e-10,0,0,0,0,1,1,0,0,1,1,1
105,,5.8353e-08,0,0,0,0,1,1,0,1,0,0,0
106,,2.0351e-10,0,0,0,0,1,1,0,1,0,0,1
107,,2.7353e-12,0,0,0,0,1,1,0,1,0,1,0
108,,4.3818e-12,0,0,0,0,1,1,0,1,0,1,1
109,,3.8607e-08,0,0,0,0,1,1,0,1,1,0,0
110,,1.8127e-10,0,0,0,0,1,1,0,1,1,0,1
111,,4.1219e-13,0,0,0,0,1,1,0,1,1,1,0
112,,1.1928e-14,0,0,0,0,1,1,0,1,1,1,1
113,,5.8872e-05,0,0,0,0,1,1,1,0,0,0,0
114,,6.8582e-09,0,0,0,0,1,1,1,0,0,0,1
115,,1.6956e-07,0,0,0,0,1,1,1,0,0,1,0
116,,1.1527e-07,0,0,0,0,1,1,1,0,0,1,1
117,M phase,0.0027311,0,0,0,0,1,1,1,0,1,0,0
118,,4.3874e-06,0,0,0,0,1,1,1,0,1,0,1
119,,1.3407e-07,0,0,0,0,1,1,1,0,1,1,0
120,,2.0798e-06,0,0,0,0,1,1,1,0,1,1,1
121,,5.8441e-08,0,0,0,0,1,1,1,1,0,0,0
122,,3.5397e-12,0,0,0,0,1,1,1,1,0,0,1
123,,1.7311e-10,0,0,0,0,1,1,1,1,0,1,0
124,,1.3403e-08,0,0,0,0,1,1,1,1,0,1,1
125,,2.5052e-08,0,0,0,0,1,1,1,1,1,0,0
126,,6.6645e-12,0,0,0,0,1,1,1,1,1,0,1
127,,2.0589e-12,0,0,0,0,1,1,1,1,1,1,0
128,,1.0547e-10,0,0,0,0,1,1,1,1,1,1,1
129,,0.00019883,0,0,0,1,0,0,0,0,0,0,0
130,,3.4308e-07,0,0,0,1,0,0,0,0,0,0,1
131,,1.9819e-07,0,0,0,1,0,0,0,0,0,1,0
132,,5.7532e-09,0,0,0,1,0,0,0,0,0,1,1
133,,7.8806e-05,0,0,0,1,0,0,0,0,1,0,0
134,,7.9504e-08,0,0,0,1,0,0,0,0,1,0,1
135,,3.7175e-09,0,0,0,1,0,0,0,0,1,1,0
136,,3.8621e-12,0,0,0,1,0,0,0,0,1,1,1
137,,1.9966e-07,0,0,0,1,0,0,0,1,0,0,0
138,,5.86e-08,0,0,0,1,0,0,0,1,0,0,1
139,,2.0879e-10,0,0,0,1,0,0,0,1,0,1,0
140,,2.0146e-07,0,0,0,1,0,0,0,1,0,1,1
141,,3.7568e-09,0,0,0,1,0,0,0,1,1,0,0
142,,6.7004e-12,0,0,0,1,0,0,0,1,1,0,1
143,,3.3472e-13,0,0,0,1,0,0,0,1,1,1,0
144,,3.9209e-12,0,0,0,1,0,0,0,1,1,1,1
145,,2.0429e-07,0,0,0,1,0,0,1,0,0,0,0
146,,0.00011586,0,0,0,1,0,0,1,0,0,0,1
147,,5.675e-09,0,0,0,1,0,0,1,0,0,1,0
148,,0.00011565,0,0,0,1,0,0,1,0,0,1,1
149,,7.8917e-08,0,0,0,1,0,0,1,0,1,0,0
150,,5.776e-07,0,0,0,1,0,0,1,0,1,0,1
151,,6.2066e-12,0,0,0,1,0,0,1,0,1,1,0
152,,2.3285e-09,0,0,0,1,0,0,1,0,1,1,1
153,,2.0025e-10,0,0,0,1,0,0,1,1,0,0,0
154,,1.0269e-08,0,0,0,1,0,0,1,1,0,0,1
155,,5.6444e-08,0,0,0,1,0,0,1,1,0,1,0
156,M phase,0.0012447,0,0,0,1,0,0,1,1,0,1,1
157,,3.7668e-12,0,0,0,1,0,0,1,1,1,0,0
158,,1.3294e-10,0,0,0,1,0,0,1,1,1,0,1
159,,1.0049e-15,0,0,0,1,0,0,1,1,1,1,0
160,,6.6361e-11,0,0,0,1,0,0,1,1,1,1,1
161,,3.14e-07,0,0,0,1,0,1,0,0,0,0,0
162,,5.475e-10,0,0,0,1,0,1,0,0,0,0,1
163,,2.1373e-10,0,0,0,1,0,1,0,0,0,1,0
164,,8.1906e-11,0,0,0,1,0,1,0,0,0,1,1
165,,8.0243e-08,0,0,0,1,0,1,0,0,1,0,0
166,,1.9195e-10,0,0,0,1,0,1,0,0,1,0,1
167,,3.8075e-12,0,0,0,1,0,1,0,0,1,1,0
168,,9.8874e-11,0,0,0,1,0,1,0,0,1,1,1
169,,2.0487e-10,0,0,0,1,0,1,0,1,0,0,0
170,,6.0187e-11,0,0,0,1,0,1,0,1,0,0,1
171,,3.5776e-13,0,0,0,1,0,1,0,1,0,1,0
172,,3.1918e-09,0,0,0,1,0,1,0,1,0,1,1
173,,3.7306e-12,0,0,0,1,0,1,0,1,1,0,0
174,,7.8215e-15,0,0,0,1,0,1,0,1,1,0,1
175,,2.8351e-16,0,0,0,1,0,1,0,1,1,1,0
176,,1.7561e-13,0,0,0,1,0,1,0,1,1,1,1
177,,6.5309e-09,0,0,0,1,0,1,1,0,0,0,0
178,,5.7974e-09,0,0,0,1,0,1,1,0,0,0,1
179,,2.2744e-07,0,0,0,1,0,1,1,0,0,1,0
180,,1.7896e-06,0,0,0,1,0,1,1,0,0,1,1
181,,8.161e-08,0,0,0,1,0,1,1,0,1,0,0
182,,2.1718e-06,0,0,0,1,0,1,1,0,1,0,1
183,,2.5687e-09,0,0,0,1,0,1,1,0,1,1,0
184,,2.1774e-06,0,0,0,1,0,1,1,0,1,1,1
185,,7.5454e-13,0,0,0,1,0,1,1,1,0,0,0
186,,2.9896e-09,0,0,0,1,0,1,1,1,0,0,1
187,,3.333e-09,0,0,0,1,0,1,1,1,0,1,0
188,,6.7136e-05,0,0,0,1,0,1,1,1,0,1,1
189,,3.6108e-12,0,0,0,1,0,1,1,1,1,0,0
190,,4.2151e-13,0,0,0,1,0,1,1,1,1,0,1
191,,5.8585e-13,0,0,0,1,0,1,1,1,1,1,0
192,,3.783e-09,0,0,0,1,0,1,1,1,1,1,1
193,,5.872e-05,0,0,0,1,1,0,0,0,0,0,0
194,,5.8786e-08,0,0,0,1,1,0,0,0,0,0,1
195,,2.726e-09,0,0,0,1,1,0,0,0,0,1,0
196,,2.7336e-12,0,0,0,1,1,0,0,0,0,1,1
197,,0.00053645,0,0,0,1,1,0,0,0,1,0,0
198,,5.3699e-07,0,0,0,1,1,0,0,0,1,0,1
199,,1.0117e-11,0,0,0,1,1,0,0,0,1,1,0
200,,1.025e-14,0,0,0,1,1,0,0,0,1,1,1
201,,5.8469e-08,0,0,0,1,1,0,0,1,0,0,0
202,,6.1171e-11,0,0,0,1,1,0,0,1,0,0,1
203,,2.7383e-12,0,0,0,1,1,0,0,1,0,1,0
204,,3.7796e-12,0,0,0,1,1,0,0,1,0,1,1
205,,2.4547e-08,0,0,0,1,1,0,0,1,1,0,0
206,,2.4572e-11,0,0,0,1,1,0,0,1,1,0,1
207,,5.6939e-15,0,0,0,1,1,0,0,1,1,1,0
208,,1.8092e-16,0,0,0,1,1,0,0,1,1,1,1
209,,5.8782e-08,0,0,0,1,1,0,1,0,0,0,0
210,,5.3212e-09,0,0,0,1,1,0,1,0,0,0,1
211,,2.7373e-12,0,0,0,1,1,0,1,0,0,1,0
212,,1.328e-11,0,0,0,1,1,0,1,0,0,1,1
213,,5.3711e-07,0,0,0,1,1,0,1,0,1,0,0
214,,1.9231e-09,0,0,0,1,1,0,1,0,1,0,1
215,,1.8209e-14,0,0,0,1,1,0,1,0,1,1,0
216,,2.2064e-12,0,0,0,1,1,0,1,0,1,1,1
217,,5.8531e-11,0,0,0,1,1,0,1,1,0,0,0
218,,4.4127e-13,0,0,0,1,1,0,1,1,0,0,1
219,,2.9352e-15,0,0,0,1,1,0,1,1,0,1,0
220,,3.997e-12,0,0,0,1,1,0,1,1,0,1,1
221,,2.4573e-11,0,0,0,1,1,0,1,1,1,0,0
222,,3.4415e-13,0,0,0,1,1,0,1,1,1,0,1
223,,6.1904e-18,0,0,0,1,1,0,1,1,1,1,0
224,,4.5557e-16,0,0,0,1,1,0,1,1,1,1,1
225,,5.8998e-08,0,0,0,1,1,1,0,0,0,0,0
226,,1.1725e-10,0,0,0,1,1,1,0,0,0,0,1
227,,2.7421e-12,0,0,0,1,1,1,0,0,0,1,0
228,,1.1158e-14,0,0,0,1,1,1,0,0,0,1,1
229,,4.2687e-06,0,0,0,1,1,1,0,0,1,0,0
230,,4.3788e-09,0,0,0,1,1,1,0,0,1,0,1
231,,9.1411e-12,0,0,0,1,1,1,0,0,1,1,0
232,,1.1061e-13,0,0,0,1,1,1,0,0,1,1,1
233,,5.8539e-11,0,0,0,1,1,1,0,1,0,0,0
234,,2.0425e-13,0,0,0,1,1,1,0,1,0,0,1
235,,2.7494e-15,0,0,0,1,1,1,0,1,0,1,0
236,,5.6332e-15,0,0,0,1,1,1,0,1,0,1,1
237,,3.8691e-11,0,0,0,1,1,1,0,1,1,0,0
238,,1.8185e-13,0,0,0,1,1,1,0,1,1,0,1
239,,4.1327e-16,0,0,0,1,1,1,0,1,1,1,0
240,,1.3391e-17,0,0,0,1,1,1,0,1,1,1,1
241,,5.8875e-08,0,0,0,1,1,1,1,0,0,0,0
242,,7.3064e-12,0,0,0,1,1,1,1,0,0,0,1
243,,1.7515e-10,0,0,0,1,1,1,1,0,0,1,0
244,,1.2399e-10,0,0,0,1,1,1,1,0,0,1,1
245,,2.7345e-06,0,0,0,1,1,1,1,0,1,0,0
246,,4.5896e-09,0,0,0,1,1,1,1,0,1,0,1
247,,1.3433e-10,0,0,0,1,1,1,1,0,1,1,0
248,,2.1786e-09,0,0,0,1,1,1,1,0,1,1,1
249,,5.8611e-11,0,0,0,1,1,1,1,1,0,0,0
250,,4.8188e-15,0,0,0,1,1,1,1,1,0,0,1
251,,1.8027e-13,0,0,0,1,1,1,1,1,0,1,0
252,,4.0677e-11,0,0,0,1,1,1,1,1,0,1,1
253,,2.5103e-11,0,0,0,1,1,1,1,1,1,0,0
254,,7.0178e-15,0,0,0,1,1,1,1,1,1,0,1
255,,2.0696e-15,0,0,0,1,1,1,1,1,1,1,0
256,,1.3717e-13,0,0,0,1,1,1,1,1,1,1,1
257,,0.00019948,0,0,1,0,0,0,0,0,0,0,0
258,,2.279e-07,0,0,1,0,0,0,0,0,0,0,1
259,,1.982e-07,0,0,1,0,0,0,0,0,0,1,0
260,,4.0252e-10,0,0,1,0,0,0,0,0,0,1,1
261,,7.8739e-05,0,0,1,0,0,0,0,0,1,0,0
262,,7.8866e-08,0,0,1,0,0,0,0,0,1,0,1
263,,3.7138e-09,0,0,1,0,0,0,0,0,1,1,0
264,,3.7316e-12,0,0,1,0,0,0,0,0,1,1,1
265,,1.9967e-07,0,0,1,0,0,0,0,1,0,0,0
266,,5.8606e-08,0,0,1,0,0,0,0,1,0,0,1
267,,2.0872e-10,0,0,1,0,0,0,0,1,0,1,0
268,,2.0016e-07,0,0,1,0,0,0,0,1,0,1,1
269,,3.7537e-09,0,0,1,0,0,0,0,1,1,0,0
270,,6.5672e-12,0,0,1,0,0,0,0,1,1,0,1
271,,3.3398e-13,0,0,1,0,0,0,0,1,1,1,0
272,,3.8537e-12,0,0,1,0,0,0,0,1,1,1,1
273,,1.9968e-07,0,0,1,0,0,0,1,0,0,0,0
274,,6.9561e-10,0,0,1,0,0,0,1,0,0,0,1
275,,2.0924e-10,0,0,1,0,0,0,1,0,0,1,0
276,,4.0106e-09,0,0,1,0,0,0,1,0,0,1,1
277,,7.8822e-08,0,0,1,0,0,0,1,0,1,0,0
278,,5.4543e-09,0,0,1,0,0,0,1,0,1,0,1
279,,4.0219e-12,0,0,1,0,0,0,1,0,1,1,0
280,,1.0122e-10,0,0,1,0,0,0,1,0,1,1,1
281,,1.9987e-10,0,0,1,0,0,0,1,1,0,0,0
282,,5.9016e-11,0,0,1,0,0,0,1,1,0,0,1
283,,8.1207e-13,0,0,1,0,0,0,1,1,0,1,0
284,,1.3222e-08,0,0,1,0,0,0,1,1,0,1,1
285,,3.7576e-12,0,0,1,0,0,0,1,1,1,0,0
286,,2.4612e-13,0,0,1,0,0,0,1,1,1,0,1
287,,5.4055e-16,0,0,1,0,0,0,1,1,1,1,0
288,,4.5962e-14,0,0,1,0,0,0,1,1,1,1,1
289,,3.1495e-07,0,0,1,0,0,1,0,0,0,0,0
290,,5.4309e-10,0,0,1,0,0,1,0,0,0,0,1
291,,2.1385e-10,0,0,1,0,0,1,0,0,0,1,0
292,,5.0852e-12,0,0,1,0,0,1,0,0,0,1,1
293,,8.0336e-08,0,0,1,0,0,1,0,0,1,0,0
294,,9.7805e-11,0,0,1,0,0,1,0,0,1,0,1
295,,3.7101e-12,0,0,1,0,0,1,0,0,1,1,0
296,,4.3943e-12,0,0,1,0,0,1,0,0,1,1,1
297,,2.049e-10,0,0,1,0,0,1,0,1,0,0,0
298,,6.0073e-11,0,0,1,0,0,1,0,1,0,0,1
299,,2.2203e-13,0,0,1,0,0,1,0,1,0,1,0
300,,2.0332e-10,0,0,1,0,0,1,0,1,0,1,1
301,,3.728e-12,0,0,1,0,0,1,0,1,1,0,0
302,,7.8351e-15,0,0,1,0,0,1,0,1,1,0,1
303,,2.7123e-16,0,0,1,0,0,1,0,1,1,1,0
304,,4.6712e-15,0,0,1,0,0,1,0,1,1,1,1
305,,1.1704e-07,0,0,1,0,0,1,1,0,0,0,0
306,,4.8132e-11,0,0,1,0,0,1,1,0,0,0,1
307,,2.2739e-07,0,0,1,0,0,1,1,0,0,1,0
308,,9.6979e-08,0,0,1,0,0,1,1,0,0,1,1
309,,8.2193e-08,0,0,1,0,0,1,1,0,1,0,0
310,,9.6214e-08,0,0,1,0,0,1,1,0,1,0,1
311,,4.8603e-10,0,0,1,0,0,1,1,0,1,1,0
312,,9.6351e-08,0,0,1,0,0,1,1,0,1,1,1
313,,5.6897e-12,0,0,1,0,0,1,1,1,0,0,0
314,,6.4177e-13,0,0,1,0,0,1,1,1,0,0,1
315,,2.8819e-10,0,0,1,0,0,1,1,1,0,1,0
316,,6.9546e-08,0,0,1,0,0,1,1,1,0,1,1
317,,3.6134e-12,0,0,1,0,0,1,1,1,1,0,0
318,,1.5072e-13,0,0,1,0,0,1,1,1,1,0,1
319,,3.2347e-13,0,0,1,0,0,1,1,1,1,1,0
320,,1.7918e-11,0,0,1,0,0,1,1,1,1,1,1
321,,5.8667e-05,0,0,1,0,1,0,0,0,0,0,0
322,,5.8727e-08,0,0,1,0,1,0,0,0,0,0,1
323,,2.7234e-09,0,0,1,0,1,0,0,0,0,1,0
324,,2.7302e-12,0,0,1,0,1,0,0,0,0,1,1
325,,0.00053597,0,0,1,0,1,0,0,0,1,0,0
326,,5.365e-07,0,0,1,0,1,0,0,0,1,0,1
327,,1.0107e-11,0,0,1,0,1,0,0,0,1,1,0
328,,1.0125e-14,0,0,1,0,1,0,0,0,1,1,1
329,,5.8367e-08,0,0,1,0,1,0,0,1,0,0,0
330,,6.1066e-11,0,0,1,0,1,0,0,1,0,0,1
331,,2.7334e-12,0,0,1,0,1,0,0,1,0,1,0
332,,3.7712e-12,0,0,1,0,1,0,0,1,0,1,1
333,,2.4527e-08,0,0,1,0,1,0,0,1,1,0,0
334,,2.4552e-11,0,0,1,0,1,0,0,1,1,0,1
335,,5.6838e-15,0,0,1,0,1,0,0,1,1,1,0
336,,1.8038e-16,0,0,1,0,1,0,0,1,1,1,1
337,,5.8728e-08,0,0,1,0,1,0,1,0,0,0,0
338,,5.8938e-11,0,0,1,0,1,0,1,0,0,0,1
339,,2.7341e-12,0,0,1,0,1,0,1,0,0,1,0
340,,1.7847e-13,0,0,1,0,1,0,1,0,0,1,1
341,,5.3662e-07,0,0,1,0,1,0,1,0,1,0,0
342,,5.5673e-10,0,0,1,0,1,0,1,0,1,0,1
343,,1.6106e-14,0,0,1,0,1,0,1,0,1,1,0
344,,9.6949e-14,0,0,1,0,1,0,1,0,1,1,1
345,,5.8428e-11,0,0,1,0,1,0,1,1,0,0,0
346,,6.1149e-14,0,0,1,0,1,0,1,1,0,0,1
347,,2.7443e-15,0,0,1,0,1,0,1,1,0,1,0
348,,5.9368e-15,0,0,1,0,1,0,1,1,0,1,1
349,,2.4553e-11,0,0,1,0,1,0,1,1,1,0,0
350,,2.5188e-14,0,0,1,0,1,0,1,1,1,0,1
351,,6.0736e-18,0,0,1,0,1,0,1,1,1,1,0
352,,6.2626e-18,0,0,1,0,1,0,1,1,1,1,1
353,,5.9001e-08,0,0,1,0,1,1,0,0,0,0,0
354,,1.172e-10,0,0,1,0,1,1,0,0,0,0,1
355,,2.7396e-12,0,0,1,0,1,1,0,0,0,1,0
356,,5.7698e-15,0,0,1,0,1,1,0,0,0,1,1
357,,4.2679e-06,0,0,1,0,1,1,0,0,1,0,0
358,,4.3777e-09,0,0,1,0,1,1,0,0,1,0,1
359,,9.1277e-12,0,0,1,0,1,1,0,0,1,1,0
360,,1.6068e-14,0,0,1,0,1,1,0,0,1,1,1
361,,5.8439e-11,0,0,1,0,1,1,0,1,0,0,0
362,,2.1018e-13,0,0,1,0,1,1,0,1,0,0,1
363,,2.7444e-15,0,0,1,0,1,1,0,1,0,1,0
364,,3.921e-15,0,0,1,0,1,1,0,1,0,1,1
365,,3.8656e-11,0,0,1,0,1,1,0,1,1,0,0
366,,1.8786e-13,0,0,1,0,1,1,0,1,1,0,1
367,,4.1265e-16,0,0,1,0,1,1,0,1,1,1,0
368,,7.6712e-18,0,0,1,0,1,1,0,1,1,1,1
369,,5.8937e-08,0,0,1,0,1,1,1,0,0,0,0
370,,2.9851e-12,0,0,1,0,1,1,1,0,0,0,1
371,,1.7492e-10,0,0,1,0,1,1,1,0,0,1,0
372,,5.4164e-12,0,0,1,0,1,1,1,0,0,1,1
373,,2.734e-06,0,0,1,0,1,1,1,0,1,0,0
374,,3.2245e-10,0,0,1,0,1,1,1,0,1,0,1
375,,1.3222e-10,0,0,1,0,1,1,1,0,1,1,0
376,,9.6421e-11,0,0,1,0,1,1,1,0,1,1,1
377,,5.8513e-11,0,0,1,0,1,1,1,1,0,0,0
378,,2.9161e-15,0,0,1,0,1,1,1,1,0,0,1
379,,1.7817e-13,0,0,1,0,1,1,1,1,0,1,0
380,,3.1343e-12,0,0,1,0,1,1,1,1,0,1,1
381,,2.5083e-11,0,0,1,0,1,1,1,1,1,0,0
382,,1.5961e-15,0,0,1,0,1,1,1,1,1,0,1
383,,1.9709e-15,0,0,1,0,1,1,1,1,1,1,0
384,,5.0798e-15,0,0,1,0,1,1,1,1,1,1,1
385,,0.11584,0,0,1,1,0,0,0,0,0,0,0
386,,0.00011602,0,0,1,1,0,0,0,0,0,0,1
387,,0.00011527,0,0,1,1,0,0,0,0,0,1,0
388,,2.3149e-07,0,0,1,1,0,0,0,0,0,1,1
389,,9.1807e-05,0,0,1,1,0,0,0,0,1,0,0
390,,9.1942e-08,0,0,1,1,0,0,0,0,1,0,1
391,,9.5716e-09,0,0,1,1,0,0,0,0,1,1,0
392,,9.6018e-12,0,0,1,1,0,0,0,0,1,1,1
393,,0.00011648,0,0,1,1,0,0,0,1,0,0,0
394,,3.6152e-07,0,0,1,1,0,0,0,1,0,0,1
395,,1.2182e-07,0,0,1,1,0,0,0,1,0,1,0
396,,0.00011704,0,0,1,1,0,0,0,1,0,1,1
397,,1.0185e-08,0,0,1,1,0,0,0,1,1,0,0
398,,1.318e-11,0,0,1,1,0,0,0,1,1,0,1
399,,6.3495e-12,0,0,1,1,0,0,0,1,1,1,0
400,,1.5064e-11,0,0,1,1,0,0,0,1,1,1,1
401,,0.00011595,0,0,1,1,0,0,1,0,0,0,0
402,,2.3701e-07,0,0,1,1,0,0,1,0,0,0,1
403,,1.2098e-07,0,0,1,1,0,0,1,0,0,1,0
404,,1.21e-07,0,0,1,1,0,0,1,0,0,1,1
405,,9.1908e-08,0,0,1,1,0,0,1,0,1,0,0
406,,4.6735e-10,0,0,1,1,0,0,1,0,1,0,1
407,,1.0721e-11,0,0,1,1,0,0,1,0,1,1,0
408,,2.5271e-13,0,0,1,1,0,0,1,0,1,1,1
409,,1.166e-07,0,0,1,1,0,0,1,1,0,0,0
410,,3.6772e-10,0,0,1,1,0,0,1,1,0,0,1
411,,1.3555e-10,0,0,1,1,0,0,1,1,0,1,0
412,,2.9186e-07,0,0,1,1,0,0,1,1,0,1,1
413,,1.0195e-11,0,0,1,1,0,0,1,1,1,0,0
414,,3.5043e-14,0,0,1,1,0,0,1,1,1,0,1
415,,7.705e-15,0,0,1,1,0,0,1,1,1,1,0
416,,1.8509e-14,0,0,1,1,0,0,1,1,1,1,1
417,,0.00023079,0,0,1,1,0,1,0,0,0,0,0
418,,3.4771e-07,0,0,1,1,0,1,0,0,0,0,1
419,,1.2565e-07,0,0,1,1,0,1,0,0,0,1,0
420,,3.538e-10,0,0,1,1,0,1,0,0,0,1,1
421,,1.4266e-06,0,0,1,1,0,1,0,0,1,0,0
422,,1.4775e-09,0,0,1,1,0,1,0,0,1,0,1
423,,6.2061e-11,0,0,1,1,0,1,0,0,1,1,0
424,,8.3342e-14,0,0,1,1,0,1,0,0,1,1,1
425,,1.216e-07,0,0,1,1,0,1,0,1,0,0,0
426,,1.6169e-09,0,0,1,1,0,1,0,1,0,0,1
427,,1.273e-10,0,0,1,1,0,1,0,1,0,1,0
428,,1.1706e-07,0,0,1,1,0,1,0,1,0,1,1
429,,6.2843e-11,0,0,1,1,0,1,0,1,1,0,0
430,,1.9277e-13,0,0,1,1,0,1,0,1,1,0,1
431,,8.4865e-15,0,0,1,1,0,1,0,1,1,1,0
432,,9.976e-15,0,0,1,1,0,1,0,1,1,1,1
433,,1.0539e-06,0,0,1,1,0,1,1,0,0,0,0
434,,2.2485e-10,0,0,1,1,0,1,1,0,0,0,1
435,,0.00011591,0,0,1,1,0,1,1,0,0,1,0
436,,6.9838e-09,0,0,1,1,0,1,1,0,0,1,1
437,,8.7598e-08,0,0,1,1,0,1,1,0,1,0,0
438,,2.0037e-10,0,0,1,1,0,1,1,0,1,0,1
439,,6.4291e-09,0,0,1,1,0,1,1,0,1,1,0
440,,1.9645e-10,0,0,1,1,0,1,1,0,1,1,1
441,,2.2723e-10,0,0,1,1,0,1,1,1,0,0,0
442,,1.9916e-12,0,0,1,1,0,1,1,1,0,0,1
443,,1.1768e-07,0,0,1,1,0,1,1,1,0,1,0
444,,4.8565e-07,0,0,1,1,0,1,1,1,0,1,1
445,,4.0677e-12,0,0,1,1,0,1,1,1,1,0,0
446,,2.7901e-13,0,0,1,1,0,1,1,1,1,0,1
447,,6.7284e-12,0,0,1,1,0,1,1,1,1,1,0
448,,3.2279e-12,0,0,1,1,0,1,1,1,1,1,1
449,,6.4147e-05,0,0,1,1,1,0,0,0,0,0,0
450,,6.4213e-08,0,0,1,1,1,0,0,0,0,0,1
451,,8.0628e-09,0,0,1,1,1,0,0,0,0,1,0
452,,8.0804e-12,0,0,1,1,1,0,0,0,0,1,1
453,,0.00053764,0,0,1,1,1,0,0,0,1,0,0
454,,5.3818e-07,0,0,1,1,1,0,0,0,1,0,1
455,,1.0736e-11,0,0,1,1,1,0,0,0,1,1,0
456,,1.075e-14,0,0,1,1,1,0,0,0,1,1,1
457,,1.2241e-07,0,0,1,1,1,0,0,1,0,0,0
458,,1.2519e-10,0,0,1,1,1,0,0,1,0,0,1
459,,1.0864e-11,0,0,1,1,1,0,0,1,0,1,0
460,,9.3381e-12,0,0,1,1,1,0,0,1,0,1,1
461,,2.5311e-08,0,0,1,1,1,0,0,1,1,0,0
462,,2.5337e-11,0,0,1,1,1,0,0,1,1,0,1
463,,1.1796e-14,0,0,1,1,1,0,0,1,1,1,0
464,,4.3326e-16,0,0,1,1,1,0,0,1,1,1,1
465,,6.4214e-08,0,0,1,1,1,0,1,0,0,0,0
466,,6.9762e-11,0,0,1,1,1,0,1,0,0,0,1
467,,8.3372e-12,0,0,1,1,1,0,1,0,0,1,0
468,,1.8189e-14,0,0,1,1,1,0,1,0,0,1,1
469,,5.3821e-07,0,0,1,1,1,0,1,0,1,0,0
470,,5.3932e-10,0,0,1,1,1,0,1,0,1,0,1
471,,1.2947e-14,0,0,1,1,1,0,1,0,1,1,0
472,,2.1886e-16,0,0,1,1,1,0,1,0,1,1,1
473,,1.2253e-10,0,0,1,1,1,0,1,1,0,0,0
474,,1.2557e-13,0,0,1,1,1,0,1,1,0,0,1
475,,1.1151e-14,0,0,1,1,1,0,1,1,0,1,0
476,,9.6631e-15,0,0,1,1,1,0,1,1,0,1,1
477,,2.5338e-11,0,0,1,1,1,0,1,1,1,0,0
478,,2.5395e-14,0,0,1,1,1,0,1,1,1,0,1
479,,1.2894e-17,0,0,1,1,1,0,1,1,1,1,0
480,,4.7592e-19,0,0,1,1,1,0,1,1,1,1,1
481,,2.4371e-07,0,0,1,1,1,1,0,0,0,0,0
482,,3.0762e-10,0,0,1,1,1,1,0,0,0,0,1
483,,1.3542e-11,0,0,1,1,1,1,0,0,0,1,0
484,,2.1519e-14,0,0,1,1,1,1,0,0,0,1,1
485,,5.6268e-06,0,0,1,1,1,1,0,0,1,0,0
486,,5.7404e-09,0,0,1,1,1,1,0,0,1,0,1
487,,1.4388e-11,0,0,1,1,1,1,0,0,1,1,0
488,,1.7059e-14,0,0,1,1,1,1,0,0,1,1,1
489,,1.3065e-10,0,0,1,1,1,1,0,1,0,0,0
490,,5.3541e-13,0,0,1,1,1,1,0,1,0,0,1
491,,1.1364e-14,0,0,1,1,1,1,0,1,0,1,0
492,,9.5326e-15,0,0,1,1,1,1,0,1,0,1,1
493,,4.7962e-11,0,0,1,1,1,1,0,1,1,0,0
494,,3.926e-13,0,0,1,1,1,1,0,1,1,0,1
495,,6.6782e-16,0,0,1,1,1,1,0,1,1,1,0
496,,1.6914e-17,0,0,1,1,1,1,0,1,1,1,1
497,,5.9282e-08,0,0,1,1,1,1,1,0,0,0,0
498,,2.8259e-12,0,0,1,1,1,1,1,0,0,0,1
499,,5.5375e-09,0,0,1,1,1,1,1,0,0,1,0
500,,3.4383e-13,0,0,1,1,1,1,1,0,0,1,1
501,,6.4626e-07,0,0,1,1,1,1,1,0,1,0,0
502,,3.0508e-11,0,0,1,1,1,1,1,0,1,0,1
503,,3.1218e-11,0,0,1,1,1,1,1,0,1,1,0
504,,1.9759e-13,0,0,1,1,1,1,1,0,1,1,1
505,,1.1733e-10,0,0,1,1,1,1,1,1,0,0,0
506,,5.8446e-15,0,0,1,1,1,1,1,1,0,0,1
507,,5.7656e-12,0,0,1,1,1,1,1,1,0,1,0
508,,2.687e-12,0,0,1,1,1,1,1,1,0,1,1
509,,2.5591e-11,0,0,1,1,1,1,1,1,1,0,0
510,,1.5506e-15,0,0,1,1,1,1,1,1,1,0,1
511,,2.8715e-15,0,0,1,1,1,1,1,1,1,1,0
512,,3.0455e-16,0,0,1,1,1,1,1,1,1,1,1
513,,0.00019628,0,1,0,0,0,0,0,0,0,0,0
514,,3.2858e-07,0,1,0,0,0,0,0,0,0,0,1
515,,8.432e-08,0,1,0,0,0,0,0,0,0,1,0
516,,9.0881e-09,0,1,0,0,0,0,0,0,0,1,1
517,,0.014525,0,1,0,0,0,0,0,0,1,0,0
518,,1.4539e-05,0,1,0,0,0,0,0,0,1,0,1
519,,6.5577e-07,0,1,0,0,0,0,0,0,1,1,0
520,,6.5687e-10,0,1,0,0,0,0,0,0,1,1,1
521,,0.00019569,0,1,0,0,0,0,0,1,0,0,0
522,,0.00023742,0,1,0,0,0,0,0,1,0,0,1
523,,2.044e-07,0,1,0,0,0,0,0,1,0,1,0
524,,0.00019607,0,1,0,0,0,0,0,1,0,1,1
525,,1.4855e-05,0,1,0,0,0,0,0,1,1,0,0
526,,1.3229e-07,0,1,0,0,0,0,0,1,1,0,1
527,,1.0444e-09,0,1,0,0,0,0,0,1,1,1,0
528,,9.0477e-09,0,1,0,0,0,0,0,1,1,1,1
529,,1.9649e-07,0,1,0,0,0,0,1,0,0,0,0
530,,1.3347e-09,0,1,0,0,0,0,1,0,0,0,1
531,,8.9658e-11,0,1,0,0,0,0,1,0,0,1,0
532,,3.9148e-09,0,1,0,0,0,0,1,0,0,1,1
533,,1.454e-05,0,1,0,0,0,0,1,0,1,0,0
534,,2.0064e-08,0,1,0,0,0,0,1,0,1,0,1
535,,6.5743e-10,0,1,0,0,0,0,1,0,1,1,0
536,,1.021e-10,0,1,0,0,0,0,1,0,1,1,1
537,,1.9589e-07,0,1,0,0,0,0,1,1,0,0,0
538,,2.3766e-07,0,1,0,0,0,0,1,1,0,0,1
539,,2.4036e-10,0,1,0,0,0,0,1,1,0,1,0
540,,4.1844e-07,0,1,0,0,0,0,1,1,0,1,1
541,,1.4871e-08,0,1,0,0,0,0,1,1,1,0,0
542,,2.7155e-10,0,1,0,0,0,0,1,1,1,0,1
543,,1.7871e-12,0,1,0,0,0,0,1,1,1,1,0
544,,1.593e-11,0,1,0,0,0,0,1,1,1,1,1
545,,1.9786e-07,0,1,0,0,0,1,0,0,0,0,0
546,,7.2424e-10,0,1,0,0,0,1,0,0,0,0,1
547,,8.9644e-11,0,1,0,0,0,1,0,0,0,1,0
548,,1.4589e-11,0,1,0,0,0,1,0,0,0,1,1
549,,1.4565e-05,0,1,0,0,0,1,0,0,1,0,0
550,,4.4315e-08,0,1,0,0,0,1,0,0,1,0,1
551,,6.5643e-10,0,1,0,0,0,1,0,0,1,1,0
552,,6.6106e-12,0,1,0,0,0,1,0,0,1,1,1
553,,1.9589e-07,0,1,0,0,0,1,0,1,0,0,0
554,,4.3353e-07,0,1,0,0,0,1,0,1,0,0,1
555,,2.305e-10,0,1,0,0,0,1,0,1,0,1,0
556,,2.073e-07,0,1,0,0,0,1,0,1,0,1,1
557,,1.4671e-08,0,1,0,0,0,1,0,1,1,0,0
558,,1.0674e-09,0,1,0,0,0,1,0,1,1,0,1
559,,9.8918e-13,0,1,0,0,0,1,0,1,1,1,0
560,,9.3514e-11,0,1,0,0,0,1,0,1,1,1,1
561,,2.3429e-07,0,1,0,0,0,1,1,0,0,0,0
562,,1.4395e-10,0,1,0,0,0,1,1,0,0,0,1
563,,1.1164e-07,0,1,0,0,0,1,1,0,0,1,0
564,,1.0835e-07,0,1,0,0,0,1,1,0,0,1,1
565,,1.4615e-05,0,1,0,0,0,1,1,0,1,0,0
566,,2.3503e-07,0,1,0,0,0,1,1,0,1,0,1
567,,1.4934e-08,0,1,0,0,0,1,1,0,1,1,0
568,,9.6775e-08,0,1,0,0,0,1,1,0,1,1,1
569,,7.0085e-10,0,1,0,0,0,1,1,1,0,0,0
570,,8.3549e-08,0,1,0,0,0,1,1,1,0,0,1
571,,5.6546e-07,0,1,0,0,0,1,1,1,0,1,0
572,,0.0002378,0,1,0,0,0,1,1,1,0,1,1
573,,1.469e-08,0,1,0,0,0,1,1,1,1,0,0
574,,1.3866e-07,0,1,0,0,0,1,1,1,1,0,1
575,,1.1565e-09,0,1,0,0,0,1,1,1,1,1,0
576,,9.5856e-08,0,1,0,0,0,1,1,1,1,1,1
577,,0.00014136,0,1,0,0,1,0,0,0,0,0,0
578,,1.4151e-07,0,1,0,0,1,0,0,0,0,0,1
579,,2.7192e-09,0,1,0,0,1,0,0,0,0,1,0
580,,3.128e-12,0,1,0,0,1,0,0,0,0,1,1
581,,0.083414,0,1,0,0,1,0,0,0,1,0,0
582,,8.3497e-05,0,1,0,0,1,0,0,0,1,0,1
583,,8.3362e-10,0,1,0,0,1,0,0,0,1,1,0
584,,8.3449e-13,0,1,0,0,1,0,0,0,1,1,1
585,,0.00014038,0,1,0,0,1,0,0,1,0,0,0
586,,1.5129e-07,0,1,0,0,1,0,0,1,0,0,1
587,,6.5559e-09,0,1,0,0,1,0,0,1,0,1,0
588,,8.8484e-09,0,1,0,0,1,0,0,1,0,1,1
589,,8.3271e-05,0,1,0,0,1,0,0,1,1,0,0
590,,8.3499e-08,0,1,0,0,1,0,0,1,1,0,1
591,,1.4177e-11,0,1,0,0,1,0,0,1,1,1,0
592,,4.3126e-13,0,1,0,0,1,0,0,1,1,1,1
593,,1.4151e-07,0,1,0,0,1,0,1,0,0,0,0
594,,1.4183e-10,0,1,0,0,1,0,1,0,0,0,1
595,,2.7298e-12,0,1,0,0,1,0,1,0,0,1,0
596,,1.7896e-13,0,1,0,0,1,0,1,0,0,1,1
597,,8.3501e-05,0,1,0,0,1,0,1,0,1,0,0
598,,8.3605e-08,0,1,0,0,1,0,1,0,1,0,1
599,,1.0329e-12,0,1,0,0,1,0,1,0,1,1,0
600,,9.7908e-14,0,1,0,0,1,0,1,0,1,1,1
601,,1.4053e-07,0,1,0,0,1,0,1,1,0,0,0
602,,1.5143e-10,0,1,0,0,1,0,1,1,0,0,1
603,,6.5842e-12,0,1,0,0,1,0,1,1,0,1,0
604,,9.4134e-12,0,1,0,0,1,0,1,1,0,1,1
605,,8.3359e-08,0,1,0,0,1,0,1,1,1,0,0
606,,8.3464e-11,0,1,0,0,1,0,1,1,1,0,1
607,,1.5558e-14,0,1,0,0,1,0,1,1,1,1,0
608,,4.3442e-15,0,1,0,0,1,0,1,1,1,1,1
609,,1.4626e-07,0,1,0,0,1,1,0,0,0,0,0
610,,4.3111e-10,0,1,0,0,1,1,0,0,0,0,1
611,,2.7306e-12,0,1,0,0,1,1,0,0,0,1,0
612,,1.2952e-14,0,1,0,0,1,1,0,0,0,1,1
613,,0.00028582,0,1,0,0,1,1,0,0,1,0,0
614,,4.5284e-07,0,1,0,0,1,1,0,0,1,0,1
615,,2.9609e-11,0,1,0,0,1,1,0,0,1,1,0
616,,4.4662e-14,0,1,0,0,1,1,0,0,1,1,1
617,,1.4054e-07,0,1,0,0,1,1,0,1,0,0,0
618,,1.3984e-07,0,1,0,0,1,1,0,1,0,0,1
619,,6.5847e-12,0,1,0,0,1,1,0,1,0,1,0
620,,1.6102e-11,0,1,0,0,1,1,0,1,0,1,1
621,,9.2675e-08,0,1,0,0,1,1,0,1,1,0,0
622,,1.3994e-07,0,1,0,0,1,1,0,1,1,0,1
623,,2.8166e-14,0,1,0,0,1,1,0,1,1,1,0
624,,6.4336e-12,0,1,0,0,1,1,0,1,1,1,1
625,,1.4205e-07,0,1,0,0,1,1,1,0,0,0,0
626,,7.0998e-12,0,1,0,0,1,1,1,0,0,0,1
627,,1.7346e-10,0,1,0,0,1,1,1,0,0,1,0
628,,6.1614e-12,0,1,0,0,1,1,1,0,0,1,1
629,,8.6529e-05,0,1,0,0,1,1,1,0,1,0,0
630,,4.6235e-09,0,1,0,0,1,1,1,0,1,0,1
631,,3.9436e-09,0,1,0,0,1,1,1,0,1,1,0
632,,9.6937e-11,0,1,0,0,1,1,1,0,1,1,1
633,,1.4074e-07,0,1,0,0,1,1,1,1,0,0,0
634,,1.6656e-10,0,1,0,0,1,1,1,1,0,0,1
635,,4.7853e-10,0,1,0,0,1,1,1,1,0,1,0
636,,1.1008e-08,0,1,0,0,1,1,1,1,0,1,1
637,,8.4138e-08,0,1,0,0,1,1,1,1,1,0,0
638,,1.8172e-10,0,1,0,0,1,1,1,1,1,0,1
639,,5.5062e-12,0,1,0,0,1,1,1,1,1,1,0
640,,8.3935e-11,0,1,0,0,1,1,1,1,1,1,1
641,,1.0381e-06,0,1,0,1,0,0,0,0,0,0,0
642,,1.1806e-09,0,1,0,1,0,0,0,0,0,0,1
643,,2.0959e-10,0,1,0,1,0,0,0,0,0,1,0
644,,6.0616e-11,0,1,0,1,0,0,0,0,0,1,1
645,,1.4654e-05,0,1,0,1,0,0,0,0,1,0,0
646,,1.4669e-08,0,1,0,1,0,0,0,0,1,0,1
647,,6.6135e-10,0,1,0,1,0,0,0,0,1,1,0
648,,6.6246e-13,0,1,0,1,0,0,0,0,1,1,1
649,,1.3231e-06,0,1,0,1,0,0,0,1,0,0,0
650,,2.9862e-07,0,1,0,1,0,0,0,1,0,0,1
651,,1.3825e-09,0,1,0,1,0,0,0,1,0,1,0
652,,1.3204e-06,0,1,0,1,0,0,0,1,0,1,1
653,,1.5205e-08,0,1,0,1,0,0,0,1,1,0,0
654,,1.3304e-10,0,1,0,1,0,0,0,1,1,0,1
655,,1.271e-12,0,1,0,1,0,0,0,1,1,1,0
656,,9.1808e-12,0,1,0,1,0,0,0,1,1,1,1
657,,1.0394e-09,0,1,0,1,0,0,1,0,0,0,0
658,,5.2621e-09,0,1,0,1,0,0,1,0,0,0,1
659,,4.6888e-13,0,1,0,1,0,0,1,0,0,1,0
660,,5.2507e-09,0,1,0,1,0,0,1,0,0,1,1
661,,1.4669e-08,0,1,0,1,0,0,1,0,1,0,0
662,,4.1155e-11,0,1,0,1,0,0,1,0,1,0,1
663,,6.6303e-13,0,1,0,1,0,0,1,0,1,1,0
664,,1.0869e-13,0,1,0,1,0,0,1,0,1,1,1
665,,1.3245e-09,0,1,0,1,0,0,1,1,0,0,0
666,,2.9939e-10,0,1,0,1,0,0,1,1,0,0,1
667,,4.0944e-12,0,1,0,1,0,0,1,1,0,1,0
668,,5.917e-08,0,1,0,1,0,0,1,1,0,1,1
669,,1.5221e-11,0,1,0,1,0,0,1,1,1,0,0
670,,2.7853e-13,0,1,0,1,0,0,1,1,1,0,1
671,,2.2285e-15,0,1,0,1,0,0,1,1,1,1,0
672,,1.9175e-14,0,1,0,1,0,0,1,1,1,1,1
673,,2.2005e-09,0,1,0,1,0,1,0,0,0,0,0
674,,5.1611e-12,0,1,0,1,0,1,0,0,0,0,1
675,,2.7288e-13,0,1,0,1,0,1,0,0,0,1,0
676,,6.6707e-14,0,1,0,1,0,1,0,0,0,1,1
677,,1.5711e-08,0,1,0,1,0,1,0,0,1,0,0
678,,4.6462e-11,0,1,0,1,0,1,0,0,1,0,1
679,,6.9909e-13,0,1,0,1,0,1,0,0,1,1,0
680,,6.8674e-15,0,1,0,1,0,1,0,0,1,1,1
681,,1.3234e-09,0,1,0,1,0,1,0,1,0,0,0
682,,1.7382e-09,0,1,0,1,0,1,0,1,0,0,1
683,,1.4635e-12,0,1,0,1,0,1,0,1,0,1,0
684,,1.3359e-09,0,1,0,1,0,1,0,1,0,1,1
685,,1.5757e-11,0,1,0,1,0,1,0,1,1,0,0
686,,1.196e-12,0,1,0,1,0,1,0,1,1,0,1
687,,1.1851e-15,0,1,0,1,0,1,0,1,1,1,0
688,,9.3934e-14,0,1,0,1,0,1,0,1,1,1,1
689,,8.4575e-10,0,1,0,1,0,1,1,0,0,0,0
690,,4.1974e-13,0,1,0,1,0,1,1,0,0,0,1
691,,2.3292e-10,0,1,0,1,0,1,1,0,0,1,0
692,,9.6438e-11,0,1,0,1,0,1,1,0,0,1,1
693,,1.4744e-08,0,1,0,1,0,1,1,0,1,0,0
694,,2.3997e-10,0,1,0,1,0,1,1,0,1,0,1
695,,1.507e-11,0,1,0,1,0,1,1,0,1,1,0
696,,1.0127e-10,0,1,0,1,0,1,1,0,1,1,1
697,,3.4502e-12,0,1,0,1,0,1,1,1,0,0,0
698,,8.5091e-11,0,1,0,1,0,1,1,1,0,0,1
699,,1.7951e-09,0,1,0,1,0,1,1,1,0,1,0
700,,3.0384e-07,0,1,0,1,0,1,1,1,0,1,1
701,,1.4822e-11,0,1,0,1,0,1,1,1,1,0,0
702,,1.3908e-10,0,1,0,1,0,1,1,1,1,0,1
703,,1.5252e-12,0,1,0,1,0,1,1,1,1,1,0
704,,9.6376e-11,0,1,0,1,0,1,1,1,1,1,1
705,,1.423e-07,0,1,0,1,1,0,0,0,0,0,0
706,,1.4245e-10,0,1,0,1,1,0,0,0,0,0,1
707,,2.7307e-12,0,1,0,1,1,0,0,0,0,1,0
708,,3.1432e-15,0,1,0,1,1,0,0,0,0,1,1
709,,8.4201e-05,0,1,0,1,1,0,0,0,1,0,0
710,,8.4286e-08,0,1,0,1,1,0,0,0,1,0,1
711,,8.4079e-13,0,1,0,1,1,0,0,0,1,1,0
712,,8.4167e-16,0,1,0,1,1,0,0,0,1,1,1
713,,1.9926e-07,0,1,0,1,1,0,0,1,0,0,0
714,,2.1026e-10,0,1,0,1,1,0,0,1,0,0,1
715,,9.3549e-12,0,1,0,1,1,0,0,1,0,1,0
716,,8.9313e-12,0,1,0,1,1,0,0,1,0,1,1
717,,8.4176e-08,0,1,0,1,1,0,0,1,1,0,0
718,,8.4406e-11,0,1,0,1,1,0,0,1,1,0,1
719,,1.9707e-14,0,1,0,1,1,0,0,1,1,1,0
720,,4.4043e-16,0,1,0,1,1,0,0,1,1,1,1
721,,1.4245e-10,0,1,0,1,1,0,1,0,0,0,0
722,,3.8155e-13,0,1,0,1,1,0,1,0,0,0,1
723,,2.7416e-15,0,1,0,1,1,0,1,0,0,1,0
724,,6.0966e-16,0,1,0,1,1,0,1,0,0,1,1
725,,8.429e-08,0,1,0,1,1,0,1,0,1,0,0
726,,8.4438e-11,0,1,0,1,1,0,1,0,1,0,1
727,,1.042e-15,0,1,0,1,1,0,1,0,1,1,0
728,,1.0315e-16,0,1,0,1,1,0,1,0,1,1,1
729,,1.9947e-10,0,1,0,1,1,0,1,1,0,0,0
730,,2.1048e-13,0,1,0,1,1,0,1,1,0,0,1
731,,9.3963e-15,0,1,0,1,1,0,1,1,0,1,0
732,,9.6778e-15,0,1,0,1,1,0,1,1,0,1,1
733,,8.4265e-11,0,1,0,1,1,0,1,1,1,0,0
734,,8.4386e-14,0,1,0,1,1,0,1,1,1,0,1
735,,2.1425e-17,0,1,0,1,1,0,1,1,1,1,0
736,,4.38e-18,0,1,0,1,1,0,1,1,1,1,1
737,,1.4986e-10,0,1,0,1,1,1,0,0,0,0,0
738,,4.3571e-13,0,1,0,1,1,1,0,0,0,0,1
739,,2.7951e-15,0,1,0,1,1,1,0,0,0,1,0
740,,1.3128e-17,0,1,0,1,1,1,0,0,0,1,1
741,,2.922e-07,0,1,0,1,1,1,0,0,1,0,0
742,,4.5977e-10,0,1,0,1,1,1,0,0,1,0,1
743,,3.8859e-14,0,1,0,1,1,1,0,0,1,1,0
744,,5.4157e-17,0,1,0,1,1,1,0,0,1,1,1
745,,1.9947e-10,0,1,0,1,1,1,0,1,0,0,0
746,,1.4044e-10,0,1,0,1,1,1,0,1,0,0,1
747,,9.3965e-15,0,1,0,1,1,1,0,1,0,1,0
748,,1.6265e-14,0,1,0,1,1,1,0,1,0,1,1
749,,9.4081e-11,0,1,0,1,1,1,0,1,1,0,0
750,,1.4043e-10,0,1,0,1,1,1,0,1,1,0,1
751,,4.031e-17,0,1,0,1,1,1,0,1,1,1,0
752,,6.4558e-15,0,1,0,1,1,1,0,1,1,1,1
753,,1.4288e-10,0,1,0,1,1,1,1,0,0,0,0
754,,7.1597e-15,0,1,0,1,1,1,1,0,0,0,1
755,,1.7935e-13,0,1,0,1,1,1,1,0,0,1,0
756,,6.558e-15,0,1,0,1,1,1,1,0,0,1,1
757,,8.7326e-08,0,1,0,1,1,1,1,0,1,0,0
758,,4.6711e-12,0,1,0,1,1,1,1,0,1,0,1
759,,3.9799e-12,0,1,0,1,1,1,1,0,1,1,0
760,,1.0143e-13,0,1,0,1,1,1,1,0,1,1,1
761,,1.9972e-10,0,1,0,1,1,1,1,1,0,0,0
762,,1.6984e-13,0,1,0,1,1,1,1,1,0,0,1
763,,6.9912e-13,0,1,0,1,1,1,1,1,0,1,0
764,,1.1051e-11,0,1,0,1,1,1,1,1,0,1,1
765,,8.5107e-11,0,1,0,1,1,1,1,1,1,0,0
766,,1.8231e-13,0,1,0,1,1,1,1,1,1,0,1
767,,6.038e-15,0,1,0,1,1,1,1,1,1,1,0
768,,8.4191e-14,0,1,0,1,1,1,1,1,1,1,1
769,,8.5305e-05,0,1,1,0,0,0,0,0,0,0,0
770,,1.139e-07,0,1,1,0,0,0,0,0,0,0,1
771,,8.3556e-08,0,1,1,0,0,0,0,0,0,1,0
772,,2.4105e-10,0,1,1,0,0,0,0,0,0,1,1
773,,0.00010798,0,1,1,0,0,0,0,0,1,0,0
774,,1.0813e-07,0,1,1,0,0,0,0,0,1,0,1
775,,5.0292e-09,0,1,1,0,0,0,0,0,1,1,0
776,,5.0446e-12,0,1,1,0,0,0,0,0,1,1,1
777,,1.5243e-06,0,1,1,0,0,0,0,1,0,0,0
778,,5.9484e-07,0,1,1,0,0,0,0,1,0,0,1
779,,1.5959e-09,0,1,1,0,0,0,0,1,0,1,0
780,,1.6014e-06,0,1,1,0,0,0,0,1,0,1,1
781,,3.3591e-08,0,1,1,0,0,0,0,1,1,0,0
782,,2.7173e-10,0,1,1,0,0,0,0,1,1,0,1
783,,2.4794e-12,0,1,1,0,0,0,0,1,1,1,0
784,,2.2041e-11,0,1,1,0,0,0,0,1,1,1,1
785,,8.539e-08,0,1,1,0,0,0,1,0,0,0,0
786,,1.1493e-10,0,1,1,0,0,0,1,0,0,0,1
787,,8.873e-11,0,1,1,0,0,0,1,0,0,1,0
788,,6.8125e-13,0,1,1,0,0,0,1,0,0,1,1
789,,1.081e-07,0,1,1,0,0,0,1,0,1,0,0
790,,1.0874e-10,0,1,1,0,0,0,1,0,1,0,1
791,,5.2393e-12,0,1,1,0,0,0,1,0,1,1,0
792,,1.2478e-14,0,1,1,0,0,0,1,0,1,1,1
793,,1.5259e-09,0,1,1,0,0,0,1,1,0,0,0
794,,5.9545e-10,0,1,1,0,0,0,1,1,0,0,1
795,,1.7748e-12,0,1,1,0,0,0,1,1,0,1,0
796,,2.957e-09,0,1,1,0,0,0,1,1,0,1,1
797,,3.3626e-11,0,1,1,0,0,0,1,1,1,0,0
798,,5.5039e-13,0,1,1,0,0,0,1,1,1,0,1
799,,4.1855e-15,0,1,1,0,0,0,1,1,1,1,0
800,,3.5241e-14,0,1,1,0,0,0,1,1,1,1,1
801,,8.6984e-08,0,1,1,0,0,1,0,0,0,0,0
802,,2.0221e-10,0,1,1,0,0,1,0,0,0,0,1
803,,8.8911e-11,0,1,1,0,0,1,0,0,0,1,0
804,,4.1039e-13,0,1,1,0,0,1,0,0,0,1,1
805,,1.0937e-07,0,1,1,0,0,1,0,0,1,0,0
806,,1.8307e-10,0,1,1,0,0,1,0,0,1,0,1
807,,5.0067e-12,0,1,1,0,0,1,0,0,1,1,0
808,,2.5286e-14,0,1,1,0,0,1,0,0,1,1,1
809,,1.5248e-09,0,1,1,0,0,1,0,1,0,0,0
810,,2.2327e-09,0,1,1,0,0,1,0,1,0,0,1
811,,1.706e-12,0,1,1,0,0,1,0,1,0,1,0
812,,1.6306e-09,0,1,1,0,0,1,0,1,0,1,1
813,,3.396e-11,0,1,1,0,0,1,0,1,1,0,0
814,,2.2632e-12,0,1,1,0,0,1,0,1,1,0,1
815,,2.3376e-15,0,1,1,0,0,1,0,1,1,1,0
816,,1.9143e-13,0,1,1,0,0,1,0,1,1,1,1
817,,1.1749e-07,0,1,1,0,0,1,1,0,0,0,0
818,,3.0304e-11,0,1,1,0,0,1,1,0,0,0,1
819,,1.1222e-07,0,1,1,0,0,1,1,0,0,1,0
820,,1.8078e-10,0,1,1,0,0,1,1,0,0,1,1
821,,1.1153e-07,0,1,1,0,0,1,1,0,1,0,0
822,,2.9425e-10,0,1,1,0,0,1,1,0,1,0,1
823,,4.1445e-10,0,1,1,0,0,1,1,0,1,1,0
824,,1.8026e-11,0,1,1,0,0,1,1,0,1,1,1
825,,9.7277e-12,0,1,1,0,0,1,1,1,0,0,0
826,,1.6891e-10,0,1,1,0,0,1,1,1,0,0,1
827,,2.4263e-09,0,1,1,0,0,1,1,1,0,1,0
828,,5.9723e-07,0,1,1,0,0,1,1,1,0,1,1
829,,3.307e-11,0,1,1,0,0,1,1,1,1,0,0
830,,2.7801e-10,0,1,1,0,0,1,1,1,1,0,1
831,,2.6978e-12,0,1,1,0,0,1,1,1,1,1,0
832,,1.9467e-10,0,1,1,0,0,1,1,1,1,1,1
833,,5.9049e-05,0,1,1,0,1,0,0,0,0,0,0
834,,5.911e-08,0,1,1,0,1,0,0,0,0,0,1
835,,2.7285e-09,0,1,1,0,1,0,0,0,0,1,0
836,,2.736e-12,0,1,1,0,1,0,0,0,0,1,1
837,Excited G1 state,0.0007041,0,1,1,0,1,0,0,0,1,0,0
838,,7.048e-07,0,1,1,0,1,0,0,0,1,0,1
839,,1.1796e-11,0,1,1,0,1,0,0,0,1,1,0
840,,1.1811e-14,0,1,1,0,1,0,0,0,1,1,1
841,,3.4247e-07,0,1,1,0,1,0,0,1,0,0,0
842,,3.6703e-10,0,1,1,0,1,0,0,1,0,0,1
843,,1.6041e-11,0,1,1,0,1,0,0,1,0,1,0
844,,2.1514e-11,0,1,1,0,1,0,0,1,0,1,1
845,,1.9147e-07,0,1,1,0,1,0,0,1,1,0,0
846,,1.9195e-10,0,1,1,0,1,0,0,1,1,0,1
847,,3.4354e-14,0,1,1,0,1,0,0,1,1,1,0
848,,1.0453e-15,0,1,1,0,1,0,0,1,1,1,1
849,,5.9111e-08,0,1,1,0,1,0,1,0,0,0,0
850,,5.9169e-11,0,1,1,0,1,0,1,0,0,0,1
851,,2.7389e-12,0,1,1,0,1,0,1,0,0,1,0
852,,2.751e-15,0,1,1,0,1,0,1,0,0,1,1
853,,7.0493e-07,0,1,1,0,1,0,1,0,1,0,0
854,,7.0552e-10,0,1,1,0,1,0,1,0,1,0,1
855,,1.8103e-14,0,1,1,0,1,0,1,0,1,1,0
856,,1.9131e-17,0,1,1,0,1,0,1,0,1,1,1
857,,3.4283e-10,0,1,1,0,1,0,1,1,0,0,0
858,,3.6738e-13,0,1,1,0,1,0,1,1,0,0,1
859,,1.6112e-14,0,1,1,0,1,0,1,1,0,1,0
860,,2.2728e-14,0,1,1,0,1,0,1,1,0,1,1
861,,1.9167e-10,0,1,1,0,1,0,1,1,1,0,0
862,,1.919e-13,0,1,1,0,1,0,1,1,1,0,1
863,,3.7523e-17,0,1,1,0,1,0,1,1,1,1,0
864,,8.8498e-18,0,1,1,0,1,0,1,1,1,1,1
865,,5.9217e-08,0,1,1,0,1,1,0,0,0,0,0
866,,1.1808e-10,0,1,1,0,1,1,0,0,0,0,1
867,,2.7393e-12,0,1,1,0,1,1,0,0,0,1,0
868,,5.547e-15,0,1,1,0,1,1,0,0,0,1,1
869,,4.8486e-06,0,1,1,0,1,1,0,0,1,0,0
870,,5.2933e-09,0,1,1,0,1,1,0,0,1,0,1
871,,9.2033e-12,0,1,1,0,1,1,0,0,1,1,0
872,,1.1793e-14,0,1,1,0,1,1,0,0,1,1,1
873,,3.4285e-10,0,1,1,0,1,1,0,1,0,0,0
874,,2.8051e-10,0,1,1,0,1,1,0,1,0,0,1
875,,1.6112e-14,0,1,1,0,1,1,0,1,0,1,0
876,,3.623e-14,0,1,1,0,1,1,0,1,0,1,1
877,,2.2455e-10,0,1,1,0,1,1,0,1,1,0,0
878,,2.8063e-10,0,1,1,0,1,1,0,1,1,0,1
879,,4.704e-16,0,1,1,0,1,1,0,1,1,1,0
880,,1.29e-14,0,1,1,0,1,1,0,1,1,1,1
881,,5.9326e-08,0,1,1,0,1,1,1,0,0,0,0
882,,2.8155e-12,0,1,1,0,1,1,1,0,0,0,1
883,,1.7031e-10,0,1,1,0,1,1,1,0,0,1,0
884,,7.8823e-14,0,1,1,0,1,1,1,0,0,1,1
885,,2.9103e-06,0,1,1,0,1,1,1,0,1,0,0
886,,1.3387e-10,0,1,1,0,1,1,1,0,1,0,1
887,,1.4016e-10,0,1,1,0,1,1,1,0,1,1,0
888,,2.4309e-14,0,1,1,0,1,1,1,0,1,1,1
889,,3.4331e-10,0,1,1,0,1,1,1,1,0,0,0
890,,3.3678e-13,0,1,1,0,1,1,1,1,0,0,1
891,,1.1877e-12,0,1,1,0,1,1,1,1,0,1,0
892,,2.4701e-11,0,1,1,0,1,1,1,1,0,1,1
893,,1.9376e-10,0,1,1,0,1,1,1,1,1,0,0
894,,3.6551e-13,0,1,1,0,1,1,1,1,1,0,1
895,,1.3028e-14,0,1,1,0,1,1,1,1,1,1,0
896,,1.6838e-13,0,1,1,0,1,1,1,1,1,1,1
897,Excited G1 state,0.0010471,0,1,1,1,0,0,0,0,0,0,0
898,,1.0524e-06,0,1,1,1,0,0,0,0,0,0,1
899,,2.3644e-07,0,1,1,1,0,0,0,0,0,1,0
900,,5.1554e-08,0,1,1,1,0,0,0,0,0,1,1
901,,0.00011539,0,1,1,1,0,0,0,0,1,0,0
902,,1.1551e-07,0,1,1,1,0,0,0,0,1,0,1
903,,4.9339e-09,0,1,1,1,0,0,0,0,1,1,0
904,,4.9445e-12,0,1,1,1,0,0,0,0,1,1,1
905,S phase,0.0011284,0,1,1,1,0,0,0,1,0,0,0
906,,6.1249e-05,0,1,1,1,0,0,0,1,0,0,1
907,,1.1788e-06,0,1,1,1,0,0,0,1,0,1,0
908,G2 phase,0.0011254,0,1,1,1,0,0,0,1,0,1,1
909,,3.3574e-07,0,1,1,1,0,0,0,1,1,0,0
910,,6.2214e-10,0,1,1,1,0,0,0,1,1,0,1
911,,2.2547e-10,0,1,1,1,0,0,0,1,1,1,0
912,,1.2406e-10,0,1,1,1,0,0,0,1,1,1,1
913,,1.0482e-06,0,1,1,1,0,0,1,0,0,0,0
914,,1.2965e-09,0,1,1,1,0,0,1,0,0,0,1
915,,2.4791e-10,0,1,1,1,0,0,1,0,0,1,0
916,,2.2002e-10,0,1,1,1,0,0,1,0,0,1,1
917,,1.1552e-07,0,1,1,1,0,0,1,0,1,0,0
918,,1.2158e-10,0,1,1,1,0,0,1,0,1,0,1
919,,4.9489e-12,0,1,1,1,0,0,1,0,1,1,0
920,,5.5691e-15,0,1,1,1,0,0,1,0,1,1,1
921,,1.1295e-06,0,1,1,1,0,0,1,1,0,0,0
922,,6.1312e-08,0,1,1,1,0,0,1,1,0,0,1
923,,1.2929e-09,0,1,1,1,0,0,1,1,0,1,0
924,,2.2566e-06,0,1,1,1,0,0,1,1,0,1,1
925,,3.3609e-10,0,1,1,1,0,0,1,1,1,0,0
926,,9.0721e-13,0,1,1,1,0,0,1,1,1,0,1
927,,4.3923e-13,0,1,1,1,0,0,1,1,1,1,0
928,,2.5788e-13,0,1,1,1,0,0,1,1,1,1,1
929,,2.3192e-06,0,1,1,1,0,1,0,0,0,0,0
930,,4.9616e-09,0,1,1,1,0,1,0,0,0,0,1
931,,3.0452e-10,0,1,1,1,0,1,0,0,0,1,0
932,,5.3196e-11,0,1,1,1,0,1,0,0,0,1,1
933,,1.1618e-06,0,1,1,1,0,1,0,0,1,0,0
934,,2.2277e-09,0,1,1,1,0,1,0,0,1,0,1
935,,4.2099e-11,0,1,1,1,0,1,0,0,1,1,0
936,,5.1323e-14,0,1,1,1,0,1,0,0,1,1,1
937,,1.1284e-06,0,1,1,1,0,1,0,1,0,0,0
938,,1.3061e-06,0,1,1,1,0,1,0,1,0,0,1
939,,1.2338e-09,0,1,1,1,0,1,0,1,0,1,0
940,,1.1296e-06,0,1,1,1,0,1,0,1,0,1,1
941,,1.073e-09,0,1,1,1,0,1,0,1,1,0,0
942,,1.2777e-10,0,1,1,1,0,1,0,1,1,0,1
943,,1.9489e-13,0,1,1,1,0,1,0,1,1,1,0
944,,3.1919e-13,0,1,1,1,0,1,0,1,1,1,1
945,,8.2191e-07,0,1,1,1,0,1,1,0,0,0,0
946,,4.2066e-11,0,1,1,1,0,1,1,0,0,0,1
947,,2.327e-07,0,1,1,1,0,1,1,0,0,1,0
948,,3.0014e-09,0,1,1,1,0,1,1,0,0,1,1
949,,1.1814e-07,0,1,1,1,0,1,1,0,1,0,0
950,,5.6001e-10,0,1,1,1,0,1,1,0,1,0,1
951,,1.2347e-10,0,1,1,1,0,1,1,0,1,1,0
952,,9.849e-13,0,1,1,1,0,1,1,0,1,1,1
953,,2.9901e-09,0,1,1,1,0,1,1,1,0,0,0
954,,1.5381e-09,0,1,1,1,0,1,1,1,0,0,1
955,,1.2302e-06,0,1,1,1,0,1,1,1,0,1,0
956,,6.3052e-05,0,1,1,1,0,1,1,1,0,1,1
957,,1.1801e-10,0,1,1,1,0,1,1,1,1,0,0
958,,2.7878e-10,0,1,1,1,0,1,1,1,1,0,1
959,,3.6727e-10,0,1,1,1,0,1,1,1,1,1,0
960,,2.6713e-10,0,1,1,1,0,1,1,1,1,1,1
961,,9.2644e-07,0,1,1,1,1,0,0,0,0,0,0
962,,9.2738e-10,0,1,1,1,1,0,0,0,0,0,1
963,,1.9259e-11,0,1,1,1,1,0,0,0,0,1,0
964,,2.2541e-14,0,1,1,1,1,0,0,0,0,1,1
965,Excited G1 state,0.00070488,0,1,1,1,1,0,0,0,1,0,0
966,,7.0558e-07,0,1,1,1,1,0,0,0,1,0,1
967,,6.3523e-12,0,1,1,1,1,0,0,0,1,1,0
968,,6.3588e-15,0,1,1,1,1,0,0,0,1,1,1
969,,5.8678e-05,0,1,1,1,1,0,0,1,0,0,0
970,,5.8762e-08,0,1,1,1,1,0,0,1,0,0,1
971,,2.7899e-09,0,1,1,1,1,0,0,1,0,1,0
972,,7.4116e-11,0,1,1,1,1,0,0,1,0,1,1
973,,8.2164e-07,0,1,1,1,1,0,0,1,1,0,0
974,,8.2281e-10,0,1,1,1,1,0,0,1,1,0,1
975,,5.5109e-12,0,1,1,1,1,0,0,1,1,1,0
976,,8.7329e-15,0,1,1,1,1,0,0,1,1,1,1
977,,9.274e-10,0,1,1,1,1,0,1,0,0,0,0
978,,9.3923e-13,0,1,1,1,1,0,1,0,0,0,1
979,,1.9823e-14,0,1,1,1,1,0,1,0,0,1,0
980,,3.27e-17,0,1,1,1,1,0,1,0,0,1,1
981,,7.0561e-07,0,1,1,1,1,0,1,0,1,0,0
982,,7.0631e-10,0,1,1,1,1,0,1,0,1,0,1
983,,8.0549e-15,0,1,1,1,1,0,1,0,1,1,0
984,,6.8429e-18,0,1,1,1,1,0,1,0,1,1,1
985,,5.8739e-08,0,1,1,1,1,0,1,1,0,0,0
986,,5.8821e-11,0,1,1,1,1,0,1,1,0,0,1
987,,2.8029e-12,0,1,1,1,1,0,1,1,0,1,0
988,,7.5821e-14,0,1,1,1,1,0,1,1,0,1,1
989,,8.2262e-10,0,1,1,1,1,0,1,1,1,0,0
990,,8.2336e-13,0,1,1,1,1,0,1,1,1,0,1
991,,5.8452e-15,0,1,1,1,1,0,1,1,1,1,0
992,,1.6778e-17,0,1,1,1,1,0,1,1,1,1,1
993,,4.0278e-09,0,1,1,1,1,1,0,0,0,0,0
994,,4.8695e-12,0,1,1,1,1,1,0,0,0,0,1
995,,7.773e-14,0,1,1,1,1,1,0,0,0,1,0
996,,1.7249e-16,0,1,1,1,1,1,0,0,0,1,1
997,,6.2633e-06,0,1,1,1,1,1,0,0,1,0,0
998,,6.6543e-09,0,1,1,1,1,1,0,0,1,0,1
999,,9.2346e-12,0,1,1,1,1,1,0,0,1,1,0
1000,,9.2703e-15,0,1,1,1,1,1,0,0,1,1,1
1001,,5.8741e-08,0,1,1,1,1,1,0,1,0,0,0
1002,,4.5784e-10,0,1,1,1,1,1,0,1,0,0,1
1003,,2.8027e-12,0,1,1,1,1,1,0,1,0,1,0
1004,,1.4723e-13,0,1,1,1,1,1,0,1,0,1,1
1005,,1.3203e-09,0,1,1,1,1,1,0,1,1,0,0
1006,,3.4321e-10,0,1,1,1,1,1,0,1,1,0,1
1007,,1.2106e-14,0,1,1,1,1,1,0,1,1,1,0
1008,,1.5719e-14,0,1,1,1,1,1,0,1,1,1,1
1009,,9.2339e-10,0,1,1,1,1,1,1,0,0,0,0
1010,,4.3857e-14,0,1,1,1,1,1,1,0,0,0,1
1011,,1.1322e-11,0,1,1,1,1,1,1,0,0,1,0
1012,,5.5738e-15,0,1,1,1,1,1,1,0,0,1,1
1013,,7.1354e-07,0,1,1,1,1,1,1,0,1,0,0
1014,,3.4169e-11,0,1,1,1,1,1,1,0,1,0,1
1015,,3.2533e-11,0,1,1,1,1,1,1,0,1,1,0
1016,,2.1064e-15,0,1,1,1,1,1,1,0,1,1,1
1017,,5.8777e-08,0,1,1,1,1,1,1,1,0,0,0
1018,,3.1189e-12,0,1,1,1,1,1,1,1,0,0,1
1019,,2.2e-10,0,1,1,1,1,1,1,1,0,1,0
1020,,3.0647e-11,0,1,1,1,1,1,1,1,0,1,1
1021,,8.8432e-10,0,1,1,1,1,1,1,1,1,0,0
1022,,4.0396e-13,0,1,1,1,1,1,1,1,1,0,1
1023,,5.2581e-13,0,1,1,1,1,1,1,1,1,1,0
1024,,1.7073e-13,0,1,1,1,1,1,1,1,1,1,1
1025,,8.3708e-05,1,0,0,0,0,0,0,0,0,0,0
1026,,1.1198e-07,1,0,0,0,0,0,0,0,0,0,1
1027,,8.2996e-08,1,0,0,0,0,0,0,0,0,1,0
1028,,1.7503e-10,1,0,0,0,0,0,0,0,0,1,1
1029,,7.8718e-05,1,0,0,0,0,0,0,0,1,0,0
1030,,7.8954e-08,1,0,0,0,0,0,0,0,1,0,1
1031,,3.7079e-09,1,0,0,0,0,0,0,0,1,1,0
1032,,3.821e-12,1,0,0,0,0,0,0,0,1,1,1
1033,,8.333e-08,1,0,0,0,0,0,0,1,0,0,0
1034,,5.8287e-08,1,0,0,0,0,0,0,1,0,0,1
1035,,8.7044e-11,1,0,0,0,0,0,0,1,0,1,0
1036,,8.318e-08,1,0,0,0,0,0,0,1,0,1,1
1037,,3.7468e-09,1,0,0,0,0,0,0,1,1,0,0
1038,,6.5597e-12,1,0,0,0,0,0,0,1,1,0,1
1039,,3.2838e-13,1,0,0,0,0,0,0,1,1,1,0
1040,,3.8475e-12,1,0,0,0,0,0,0,1,1,1,1
1041,,8.3792e-08,1,0,0,0,0,0,1,0,0,0,0
1042,,7.7175e-09,1,0,0,0,0,0,1,0,0,0,1
1043,,9.2222e-11,1,0,0,0,0,0,1,0,0,1,0
1044,,8.4028e-08,1,0,0,0,0,0,1,0,0,1,1
1045,,7.8808e-08,1,0,0,0,0,0,1,0,1,0,0
1046,,1.1605e-07,1,0,0,0,0,0,1,0,1,0,1
1047,,6.0909e-12,1,0,0,0,0,0,1,0,1,1,0
1048,,2.1836e-09,1,0,0,0,0,0,1,0,1,1,1
1049,,8.3414e-11,1,0,0,0,0,0,1,1,0,0,0
1050,,6.5893e-11,1,0,0,0,0,0,1,1,0,0,1
1051,,1.2895e-11,1,0,0,0,0,0,1,1,0,1,0
1052,,2.827e-07,1,0,0,0,0,0,1,1,0,1,1
1053,,3.751e-12,1,0,0,0,0,0,1,1,1,0,0
1054,,5.1737e-12,1,0,0,0,0,0,1,1,1,0,1
1055,,6.4032e-16,1,0,0,0,0,0,1,1,1,1,0
1056,,9.2592e-13,1,0,0,0,0,0,1,1,1,1,1
1057,,8.411e-08,1,0,0,0,0,1,0,0,0,0,0
1058,,1.9545e-10,1,0,0,0,0,1,0,0,0,0,1
1059,,8.8276e-11,1,0,0,0,0,1,0,0,0,1,0
1060,,9.5171e-11,1,0,0,0,0,1,0,0,0,1,1
1061,,7.898e-08,1,0,0,0,0,1,0,0,1,0,0
1062,,1.8627e-10,1,0,0,0,0,1,0,0,1,0,1
1063,,3.7414e-12,1,0,0,0,0,1,0,0,1,1,0
1064,,9.4383e-11,1,0,0,0,0,1,0,0,1,1,1
1065,,8.3427e-11,1,0,0,0,0,1,0,1,0,0,0
1066,,5.8491e-11,1,0,0,0,0,1,0,1,0,0,1
1067,,9.5353e-14,1,0,0,0,0,1,0,1,0,1,0
1068,,9.6622e-11,1,0,0,0,0,1,0,1,0,1,1
1069,,3.668e-12,1,0,0,0,0,1,0,1,1,0,0
1070,,7.616e-15,1,0,0,0,0,1,0,1,1,0,1
1071,,2.6773e-16,1,0,0,0,0,1,0,1,1,1,0
1072,,1.9027e-14,1,0,0,0,0,1,0,1,1,1,1
1073,,1.1598e-07,1,0,0,0,0,1,1,0,0,0,0
1074,,4.1778e-10,1,0,0,0,0,1,1,0,0,0,1
1075,,1.1184e-07,1,0,0,0,0,1,1,0,0,1,0
1076,,2.089e-06,1,0,0,0,0,1,1,0,0,1,1
1077,,8.4158e-08,1,0,0,0,0,1,1,0,1,0,0
1078,,2.0756e-06,1,0,0,0,0,1,1,0,1,0,1
1079,,2.4638e-09,1,0,0,0,0,1,1,0,1,1,0
1080,,2.0785e-06,1,0,0,0,0,1,1,0,1,1,1
1081,,5.4628e-12,1,0,0,0,0,1,1,1,0,0,0
1082,,1.0956e-11,1,0,0,0,0,1,1,1,0,0,1
1083,,1.8107e-10,1,0,0,0,0,1,1,1,0,1,0
1084,,2.9626e-07,1,0,0,0,0,1,1,1,0,1,1
1085,,3.6121e-12,1,0,0,0,0,1,1,1,1,0,0
1086,,2.5331e-13,1,0,0,0,0,1,1,1,1,0,1
1087,,4.1812e-13,1,0,0,0,0,1,1,1,1,1,0
1088,,3.3423e-10,1,0,0,0,0,1,1,1,1,1,1
1089,,5.8656e-05,1,0,0,0,1,0,0,0,0,0,0
1090,,5.8716e-08,1,0,0,0,1,0,0,0,0,0,1
1091,,2.718e-09,1,0,0,0,1,0,0,0,0,1,0
1092,,2.7248e-12,1,0,0,0,1,0,0,0,0,1,1
1093,Start signal,0.00053591,1,0,0,0,1,0,0,0,1,0,0
1094,,5.3645e-07,1,0,0,0,1,0,0,0,1,0,1
1095,,1.0106e-11,1,0,0,0,1,0,0,0,1,1,0
1096,,1.0219e-14,1,0,0,0,1,0,0,0,1,1,1
1097,,5.8347e-08,1,0,0,0,1,0,0,1,0,0,0
1098,,6.1045e-11,1,0,0,0,1,0,0,1,0,0,1
1099,,2.7274e-12,1,0,0,0,1,0,0,1,0,1,0
1100,,3.77e-12,1,0,0,0,1,0,0,1,0,1,1
1101,,2.4521e-08,1,0,0,0,1,0,0,1,1,0,0
1102,,2.4546e-11,1,0,0,0,1,0,0,1,1,0,1
1103,,5.6821e-15,1,0,0,0,1,0,0,1,1,1,0
1104,,1.8036e-16,1,0,0,0,1,0,0,1,1,1,1
1105,,5.8718e-08,1,0,0,0,1,0,1,0,0,0,0
1106,,6.194e-11,1,0,0,0,1,0,1,0,0,0,1
1107,,2.7286e-12,1,0,0,0,1,0,1,0,0,1,0
1108,,3.7941e-12,1,0,0,0,1,0,1,0,0,1,1
1109,,5.3657e-07,1,0,0,0,1,0,1,0,1,0,0
1110,,9.6188e-10,1,0,0,0,1,0,1,0,1,0,1
1111,,1.8096e-14,1,0,0,0,1,0,1,0,1,1,0
1112,,2.0914e-12,1,0,0,0,1,0,1,0,1,1,1
1113,,5.8408e-11,1,0,0,0,1,0,1,1,0,0,0
1114,,6.1577e-14,1,0,0,0,1,0,1,1,0,0,1
1115,,2.7393e-15,1,0,0,0,1,0,1,1,0,1,0
1116,,4.8769e-14,1,0,0,0,1,0,1,1,0,1,1
1117,,2.4547e-11,1,0,0,0,1,0,1,1,1,0,0
1118,,3.7765e-14,1,0,0,0,1,0,1,1,1,0,1
1119,,6.1628e-18,1,0,0,0,1,0,1,1,1,1,0
1120,,1.3193e-16,1,0,0,0,1,0,1,1,1,1,1
1121,,5.8811e-08,1,0,0,0,1,1,0,0,0,0,0
1122,,1.17e-10,1,0,0,0,1,1,0,0,0,0,1
1123,,2.7287e-12,1,0,0,0,1,1,0,0,0,1,0
1124,,1.0741e-14,1,0,0,0,1,1,0,0,0,1,1
1125,,4.2662e-06,1,0,0,0,1,1,0,0,1,0,0
1126,,4.3763e-09,1,0,0,0,1,1,0,0,1,0,1
1127,,9.1267e-12,1,0,0,0,1,1,0,0,1,1,0
1128,,1.0611e-13,1,0,0,0,1,1,0,0,1,1,1
1129,,5.8411e-11,1,0,0,0,1,1,0,1,0,0,0
1130,,2.0372e-13,1,0,0,0,1,1,0,1,0,0,1
1131,,2.738e-15,1,0,0,0,1,1,0,1,0,1,0
1132,,4.3862e-15,1,0,0,0,1,1,0,1,0,1,1
1133,,3.8645e-11,1,0,0,0,1,1,0,1,1,0,0
1134,,1.8146e-13,1,0,0,0,1,1,0,1,1,0,1
1135,,4.126e-16,1,0,0,0,1,1,0,1,1,1,0
1136,,1.1936e-17,1,0,0,0,1,1,0,1,1,1,1
1137,,5.8931e-08,1,0,0,0,1,1,1,0,0,0,0
1138,,6.8612e-12,1,0,0,0,1,1,1,0,0,0,1
1139,,1.6973e-10,1,0,0,0,1,1,1,0,0,1,0
1140,,1.1527e-10,1,0,0,0,1,1,1,0,0,1,1
1141,,2.7339e-06,1,0,0,0,1,1,1,0,1,0,0
1142,,4.3877e-09,1,0,0,0,1,1,1,0,1,0,1
1143,,1.342e-10,1,0,0,0,1,1,1,0,1,1,0
1144,,2.0799e-09,1,0,0,0,1,1,1,0,1,1,1
1145,,5.8499e-11,1,0,0,0,1,1,1,1,0,0,0
1146,,3.543e-15,1,0,0,0,1,1,1,1,0,0,1
1147,,1.7328e-13,1,0,0,0,1,1,1,1,0,1,0
1148,,1.3417e-11,1,0,0,0,1,1,1,1,0,1,1
1149,,2.5077e-11,1,0,0,0,1,1,1,1,1,0,0
1150,,6.6661e-15,1,0,0,0,1,1,1,1,1,0,1
1151,,2.0608e-15,1,0,0,0,1,1,1,1,1,1,0
1152,,1.0549e-13,1,0,0,0,1,1,1,1,1,1,1
1153,,1.9903e-07,1,0,0,1,0,0,0,0,0,0,0
1154,,3.4342e-10,1,0,0,1,0,0,0,0,0,0,1
1155,,1.9839e-10,1,0,0,1,0,0,0,0,0,1,0
1156,,5.759e-12,1,0,0,1,0,0,0,0,0,1,1
1157,,7.8885e-08,1,0,0,1,0,0,0,0,1,0,0
1158,,7.9584e-11,1,0,0,1,0,0,0,0,1,0,1
1159,,3.7212e-12,1,0,0,1,0,0,0,0,1,1,0
1160,,3.8658e-15,1,0,0,1,0,0,0,0,1,1,1
1161,,1.9986e-10,1,0,0,1,0,0,0,1,0,0,0
1162,,5.8659e-11,1,0,0,1,0,0,0,1,0,0,1
1163,,2.09e-13,1,0,0,1,0,0,0,1,0,1,0
1164,,2.0166e-10,1,0,0,1,0,0,0,1,0,1,1
1165,,3.7606e-12,1,0,0,1,0,0,0,1,1,0,0
1166,,6.7071e-15,1,0,0,1,0,0,0,1,1,0,1
1167,,3.3506e-16,1,0,0,1,0,0,0,1,1,1,0
1168,,3.9249e-15,1,0,0,1,0,0,0,1,1,1,1
1169,,2.045e-10,1,0,0,1,0,0,1,0,0,0,0
1170,,1.1598e-07,1,0,0,1,0,0,1,0,0,0,1
1171,,5.6806e-12,1,0,0,1,0,0,1,0,0,1,0
1172,,1.1576e-07,1,0,0,1,0,0,1,0,0,1,1
1173,,7.8996e-11,1,0,0,1,0,0,1,0,1,0,0
1174,,5.7807e-10,1,0,0,1,0,0,1,0,1,0,1
1175,,6.2108e-15,1,0,0,1,0,0,1,0,1,1,0
1176,,2.3287e-12,1,0,0,1,0,0,1,0,1,1,1
1177,,2.0046e-13,1,0,0,1,0,0,1,1,0,0,0
1178,,1.0279e-11,1,0,0,1,0,0,1,1,0,0,1
1179,,5.65e-11,1,0,0,1,0,0,1,1,0,1,0
1180,,1.2459e-06,1,0,0,1,0,0,1,1,0,1,1
1181,,3.7705e-15,1,0,0,1,0,0,1,1,1,0,0
1182,,1.3307e-13,1,0,0,1,0,0,1,1,1,0,1
1183,,1.0058e-18,1,0,0,1,0,0,1,1,1,1,0
1184,,6.6427e-14,1,0,0,1,0,0,1,1,1,1,1
1185,,3.1432e-10,1,0,0,1,0,1,0,0,0,0,0
1186,,5.4804e-13,1,0,0,1,0,1,0,0,0,0,1
1187,,2.1394e-13,1,0,0,1,0,1,0,0,0,1,0
1188,,8.1956e-14,1,0,0,1,0,1,0,0,0,1,1
1189,,8.0323e-11,1,0,0,1,0,1,0,0,1,0,0
1190,,1.9206e-13,1,0,0,1,0,1,0,0,1,0,1
1191,,3.8112e-15,1,0,0,1,0,1,0,0,1,1,0
1192,,9.8883e-14,1,0,0,1,0,1,0,0,1,1,1
1193,,2.0507e-13,1,0,0,1,0,1,0,1,0,0,0
1194,,6.0247e-14,1,0,0,1,0,1,0,1,0,0,1
1195,,3.5812e-16,1,0,0,1,0,1,0,1,0,1,0
1196,,3.195e-12,1,0,0,1,0,1,0,1,0,1,1
1197,,3.7343e-15,1,0,0,1,0,1,0,1,1,0,0
1198,,7.8294e-18,1,0,0,1,0,1,0,1,1,0,1
1199,,2.8379e-19,1,0,0,1,0,1,0,1,1,1,0
1200,,1.7579e-16,1,0,0,1,0,1,0,1,1,1,1
1201,,6.5375e-12,1,0,0,1,0,1,1,0,0,0,0
1202,,5.803e-12,1,0,0,1,0,1,1,0,0,0,1
1203,,2.2767e-10,1,0,0,1,0,1,1,0,0,1,0
1204,,1.7907e-09,1,0,0,1,0,1,1,0,0,1,1
1205,,8.169e-11,1,0,0,1,0,1,1,0,1,0,0
1206,,2.172e-09,1,0,0,1,0,1,1,0,1,0,1
1207,,2.5693e-12,1,0,0,1,0,1,1,0,1,1,0
1208,,2.1776e-09,1,0,0,1,0,1,1,0,1,1,1
1209,,7.553e-16,1,0,0,1,0,1,1,1,0,0,0
1210,,2.9926e-12,1,0,0,1,0,1,1,1,0,0,1
1211,,3.3364e-12,1,0,0,1,0,1,1,1,0,1,0
1212,,6.7203e-08,1,0,0,1,0,1,1,1,0,1,1
1213,,3.6144e-15,1,0,0,1,0,1,1,1,1,0,0
1214,,4.2183e-16,1,0,0,1,0,1,1,1,1,0,1
1215,,5.8635e-16,1,0,0,1,0,1,1,1,1,1,0
1216,,3.7867e-12,1,0,0,1,0,1,1,1,1,1,1
1217,,5.8779e-08,1,0,0,1,1,0,0,0,0,0,0
1218,,5.8845e-11,1,0,0,1,1,0,0,0,0,0,1
1219,,2.7287e-12,1,0,0,1,1,0,0,0,0,1,0
1220,,2.7363e-15,1,0,0,1,1,0,0,0,0,1,1
1221,,5.3699e-07,1,0,0,1,1,0,0,0,1,0,0
1222,,5.3753e-10,1,0,0,1,1,0,0,0,1,0,1
1223,,1.0127e-14,1,0,0,1,1,0,0,0,1,1,0
1224,,1.026e-17,1,0,0,1,1,0,0,0,1,1,1
1225,,5.8528e-11,1,0,0,1,1,0,0,1,0,0,0
1226,,6.1232e-14,1,0,0,1,1,0,0,1,0,0,1
1227,,2.741e-15,1,0,0,1,1,0,0,1,0,1,0
1228,,3.7834e-15,1,0,0,1,1,0,0,1,0,1,1
1229,,2.4571e-11,1,0,0,1,1,0,0,1,1,0,0
1230,,2.4596e-14,1,0,0,1,1,0,0,1,1,0,1
1231,,5.6996e-18,1,0,0,1,1,0,0,1,1,1,0
1232,,1.811e-19,1,0,0,1,1,0,0,1,1,1,1
1233,,5.8841e-11,1,0,0,1,1,0,1,0,0,0,0
1234,,5.3265e-12,1,0,0,1,1,0,1,0,0,0,1
1235,,2.7401e-15,1,0,0,1,1,0,1,0,0,1,0
1236,,1.329e-14,1,0,0,1,1,0,1,0,0,1,1
1237,,5.3765e-10,1,0,0,1,1,0,1,0,1,0,0
1238,,1.9246e-12,1,0,0,1,1,0,1,0,1,0,1
1239,,1.8225e-17,1,0,0,1,1,0,1,0,1,1,0
1240,,2.2066e-15,1,0,0,1,1,0,1,0,1,1,1
1241,,5.8589e-14,1,0,0,1,1,0,1,1,0,0,0
1242,,4.4171e-16,1,0,0,1,1,0,1,1,0,0,1
1243,,2.9382e-18,1,0,0,1,1,0,1,1,0,1,0
1244,,4.001e-15,1,0,0,1,1,0,1,1,0,1,1
1245,,2.4597e-14,1,0,0,1,1,0,1,1,1,0,0
1246,,3.4448e-16,1,0,0,1,1,0,1,1,1,0,1
1247,,6.1965e-21,1,0,0,1,1,0,1,1,1,1,0
1248,,4.5594e-19,1,0,0,1,1,0,1,1,1,1,1
1249,,5.9057e-11,1,0,0,1,1,1,0,0,0,0,0
1250,,1.1737e-13,1,0,0,1,1,1,0,0,0,0,1
1251,,2.7448e-15,1,0,0,1,1,1,0,0,0,1,0
1252,,1.1164e-17,1,0,0,1,1,1,0,0,0,1,1
1253,,4.273e-09,1,0,0,1,1,1,0,0,1,0,0
1254,,4.3832e-12,1,0,0,1,1,1,0,0,1,0,1
1255,,9.1502e-15,1,0,0,1,1,1,0,0,1,1,0
1256,,1.1063e-16,1,0,0,1,1,1,0,0,1,1,1
1257,,5.8598e-14,1,0,0,1,1,1,0,1,0,0,0
1258,,2.0445e-16,1,0,0,1,1,1,0,1,0,0,1
1259,,2.7522e-18,1,0,0,1,1,1,0,1,0,1,0
1260,,5.6389e-18,1,0,0,1,1,1,0,1,0,1,1
1261,,3.8729e-14,1,0,0,1,1,1,0,1,1,0,0
1262,,1.8203e-16,1,0,0,1,1,1,0,1,1,0,1
1263,,4.1369e-19,1,0,0,1,1,1,0,1,1,1,0
1264,,1.34e-20,1,0,0,1,1,1,0,1,1,1,1
1265,,5.8934e-11,1,0,0,1,1,1,1,0,0,0,0
1266,,7.3098e-15,1,0,0,1,1,1,1,0,0,0,1
1267,,1.7533e-13,1,0,0,1,1,1,1,0,0,1,0
1268,,1.2401e-13,1,0,0,1,1,1,1,0,0,1,1
1269,,2.7372e-09,1,0,0,1,1,1,1,0,1,0,0
1270,,4.5901e-12,1,0,0,1,1,1,1,0,1,0,1
1271,,1.3446e-13,1,0,0,1,1,1,1,0,1,1,0
1272,,2.1788e-12,1,0,0,1,1,1,1,0,1,1,1
1273,,5.867e-14,1,0,0,1,1,1,1,1,0,0,0
1274,,4.8235e-18,1,0,0,1,1,1,1,1,0,0,1
1275,,1.8045e-16,1,0,0,1,1,1,1,1,0,1,0
1276,,4.0718e-14,1,0,0,1,1,1,1,1,0,1,1
1277,,2.5128e-14,1,0,0,1,1,1,1,1,1,0,0
1278,,7.0198e-18,1,0,0,1,1,1,1,1,1,0,1
1279,,2.0716e-18,1,0,0,1,1,1,1,1,1,1,0
1280,,1.3722e-16,1,0,0,1,1,1,1,1,1,1,1
1281,,1.9967e-07,1,0,1,0,0,0,0,0,0,0,0
1282,,2.2812e-10,1,0,1,0,0,0,0,0,0,0,1
1283,,1.9839e-10,1,0,1,0,0,0,0,0,0,1,0
1284,,4.029e-13,1,0,1,0,0,0,0,0,0,1,1
1285,,7.8813e-08,1,0,1,0,0,0,0,0,1,0,0
1286,,7.8941e-11,1,0,1,0,0,0,0,0,1,0,1
1287,,3.7174e-12,1,0,1,0,0,0,0,0,1,1,0
1288,,3.7351e-15,1,0,1,0,0,0,0,0,1,1,1
1289,,1.9986e-10,1,0,1,0,0,0,0,1,0,0,0
1290,,5.8652e-11,1,0,1,0,0,0,0,1,0,0,1
1291,,2.0892e-13,1,0,1,0,0,0,0,1,0,1,0
1292,,2.0034e-10,1,0,1,0,0,0,0,1,0,1,1
1293,,3.7566e-12,1,0,1,0,0,0,0,1,1,0,0
1294,,6.5678e-15,1,0,1,0,0,0,0,1,1,0,1
1295,,3.3426e-16,1,0,1,0,0,0,0,1,1,1,0
1296,,3.857e-15,1,0,1,0,0,0,0,1,1,1,1
1297,,1.9987e-10,1,0,1,0,0,0,1,0,0,0,0
1298,,5.7919e-13,1,0,1,0,0,0,1,0,0,0,1
1299,,2.0943e-13,1,0,1,0,0,0,1,0,0,1,0
1300,,3.8241e-12,1,0,1,0,0,0,1,0,0,1,1
1301,,7.8896e-11,1,0,1,0,0,0,1,0,1,0,0
1302,,5.3489e-12,1,0,1,0,0,0,1,0,1,0,1
1303,,4.0237e-15,1,0,1,0,0,0,1,0,1,1,0
1304,,9.9234e-14,1,0,1,0,0,0,1,0,1,1,1
1305,,2.0006e-13,1,0,1,0,0,0,1,1,0,0,0
1306,,5.9054e-14,1,0,1,0,0,0,1,1,0,0,1
1307,,8.0413e-16,1,0,1,0,0,0,1,1,0,1,0
1308,,1.3043e-11,1,0,1,0,0,0,1,1,0,1,1
1309,,3.7606e-15,1,0,1,0,0,0,1,1,1,0,0
1310,,2.4152e-16,1,0,1,0,0,0,1,1,1,0,1
1311,,5.4089e-19,1,0,1,0,0,0,1,1,1,1,0
1312,,4.5903e-17,1,0,1,0,0,0,1,1,1,1,1
1313,,3.1526e-10,1,0,1,0,0,1,0,0,0,0,0
1314,,5.4363e-13,1,0,1,0,0,1,0,0,0,0,1
1315,,2.1406e-13,1,0,1,0,0,1,0,0,0,1,0
1316,,4.9997e-15,1,0,1,0,0,1,0,0,0,1,1
1317,,8.0413e-11,1,0,1,0,0,1,0,0,1,0,0
1318,,9.7807e-14,1,0,1,0,0,1,0,0,1,0,1
1319,,3.7135e-15,1,0,1,0,0,1,0,0,1,1,0
1320,,4.3087e-15,1,0,1,0,0,1,0,0,1,1,1
1321,,2.0509e-13,1,0,1,0,0,1,0,1,0,0,0
1322,,6.0112e-14,1,0,1,0,0,1,0,1,0,0,1
1323,,2.2224e-16,1,0,1,0,0,1,0,1,0,1,0
1324,,2.0351e-13,1,0,1,0,0,1,0,1,0,1,1
1325,,3.7309e-15,1,0,1,0,0,1,0,1,1,0,0
1326,,7.7962e-18,1,0,1,0,0,1,0,1,1,0,1
1327,,2.7145e-19,1,0,1,0,0,1,0,1,1,1,0
1328,,4.6675e-18,1,0,1,0,0,1,0,1,1,1,1
1329,,1.1716e-10,1,0,1,0,0,1,1,0,0,0,0
1330,,4.7803e-14,1,0,1,0,0,1,1,0,0,0,1
1331,,2.2761e-10,1,0,1,0,0,1,1,0,0,1,0
1332,,9.508e-11,1,0,1,0,0,1,1,0,0,1,1
1333,,8.2269e-11,1,0,1,0,0,1,1,0,1,0,0
1334,,9.4329e-11,1,0,1,0,0,1,1,0,1,0,1
1335,,4.8451e-13,1,0,1,0,0,1,1,0,1,1,0
1336,,9.4463e-11,1,0,1,0,0,1,1,0,1,1,1
1337,,5.6951e-15,1,0,1,0,0,1,1,1,0,0,0
1338,,6.3874e-16,1,0,1,0,0,1,1,1,0,0,1
1339,,2.8845e-13,1,0,1,0,0,1,1,1,0,1,0
1340,,6.9602e-11,1,0,1,0,0,1,1,1,0,1,1
1341,,3.6162e-15,1,0,1,0,0,1,1,1,1,0,0
1342,,1.4474e-16,1,0,1,0,0,1,1,1,1,0,1
1343,,3.2364e-16,1,0,1,0,0,1,1,1,1,1,0
1344,,1.7841e-14,1,0,1,0,0,1,1,1,1,1,1
1345,,5.8723e-08,1,0,1,0,1,0,0,0,0,0,0
1346,,5.8783e-11,1,0,1,0,1,0,0,0,0,0,1
1347,,2.726e-12,1,0,1,0,1,0,0,0,0,1,0
1348,,2.7328e-15,1,0,1,0,1,0,0,0,0,1,1
1349,,5.3648e-07,1,0,1,0,1,0,0,0,1,0,0
1350,,5.3701e-10,1,0,1,0,1,0,0,0,1,0,1
1351,,1.0117e-14,1,0,1,0,1,0,0,0,1,1,0
1352,,1.0135e-17,1,0,1,0,1,0,0,0,1,1,1
1353,,5.8416e-11,1,0,1,0,1,0,0,1,0,0,0
1354,,6.1117e-14,1,0,1,0,1,0,0,1,0,0,1
1355,,2.7357e-15,1,0,1,0,1,0,0,1,0,1,0
1356,,3.7745e-15,1,0,1,0,1,0,0,1,0,1,1
1357,,2.4547e-11,1,0,1,0,1,0,0,1,1,0,0
1358,,2.4572e-14,1,0,1,0,1,0,0,1,1,0,1
1359,,5.6886e-18,1,0,1,0,1,0,0,1,1,1,0
1360,,1.8053e-19,1,0,1,0,1,0,0,1,1,1,1
1361,,5.8785e-11,1,0,1,0,1,0,1,0,0,0,0
1362,,5.8986e-14,1,0,1,0,1,0,1,0,0,0,1
1363,,2.7367e-15,1,0,1,0,1,0,1,0,0,1,0
1364,,1.7503e-16,1,0,1,0,1,0,1,0,0,1,1
1365,,5.3713e-10,1,0,1,0,1,0,1,0,1,0,0
1366,,5.5686e-13,1,0,1,0,1,0,1,0,1,0,1
1367,,1.6119e-17,1,0,1,0,1,0,1,0,1,1,0
1368,,9.5049e-17,1,0,1,0,1,0,1,0,1,1,1
1369,,5.8478e-14,1,0,1,0,1,0,1,1,0,0,0
1370,,6.12e-17,1,0,1,0,1,0,1,1,0,0,1
1371,,2.7466e-18,1,0,1,0,1,0,1,1,0,1,0
1372,,5.9383e-18,1,0,1,0,1,0,1,1,0,1,1
1373,,2.4573e-14,1,0,1,0,1,0,1,1,1,0,0
1374,,2.5196e-17,1,0,1,0,1,0,1,1,1,0,1
1375,,6.0787e-21,1,0,1,0,1,0,1,1,1,1,0
1376,,6.1779e-21,1,0,1,0,1,0,1,1,1,1,1
1377,,5.9058e-11,1,0,1,0,1,1,0,0,0,0,0
1378,,1.1731e-13,1,0,1,0,1,1,0,0,0,0,1
1379,,2.7422e-15,1,0,1,0,1,1,0,0,0,1,0
1380,,5.7704e-18,1,0,1,0,1,1,0,0,0,1,1
1381,,4.2719e-09,1,0,1,0,1,1,0,0,1,0,0
1382,,4.3819e-12,1,0,1,0,1,1,0,0,1,0,1
1383,,9.1365e-15,1,0,1,0,1,1,0,0,1,1,0
1384,,1.5993e-17,1,0,1,0,1,1,0,0,1,1,1
1385,,5.8489e-14,1,0,1,0,1,1,0,1,0,0,0
1386,,2.043e-16,1,0,1,0,1,1,0,1,0,0,1
1387,,2.7468e-18,1,0,1,0,1,1,0,1,0,1,0
1388,,3.924e-18,1,0,1,0,1,1,0,1,0,1,1
1389,,3.8689e-14,1,0,1,0,1,1,0,1,1,0,0
1390,,1.8195e-16,1,0,1,0,1,1,0,1,1,0,1
1391,,4.1305e-19,1,0,1,0,1,1,0,1,1,1,0
1392,,7.3945e-21,1,0,1,0,1,1,0,1,1,1,1
1393,,5.8993e-11,1,0,1,0,1,1,1,0,0,0,0
1394,,2.9841e-15,1,0,1,0,1,1,1,0,0,0,1
1395,,1.7509e-13,1,0,1,0,1,1,1,0,0,1,0
1396,,5.3119e-15,1,0,1,0,1,1,1,0,0,1,1
1397,,2.7366e-09,1,0,1,0,1,1,1,0,1,0,0
1398,,3.1869e-13,1,0,1,0,1,1,1,0,1,0,1
1399,,1.3235e-13,1,0,1,0,1,1,1,0,1,1,0
1400,,9.4532e-14,1,0,1,0,1,1,1,0,1,1,1
1401,,5.8563e-14,1,0,1,0,1,1,1,1,0,0,0
1402,,2.9115e-18,1,0,1,0,1,1,1,1,0,0,1
1403,,1.7832e-16,1,0,1,0,1,1,1,1,0,1,0
1404,,3.1368e-15,1,0,1,0,1,1,1,1,0,1,1
1405,,2.5104e-14,1,0,1,0,1,1,1,1,1,0,0
1406,,1.5846e-18,1,0,1,0,1,1,1,1,1,0,1
1407,,1.9724e-18,1,0,1,0,1,1,1,1,1,1,0
1408,,4.9911e-18,1,0,1,0,1,1,1,1,1,1,1
1409,,0.00011595,1,0,1,1,0,0,0,0,0,0,0
1410,,1.1613e-07,1,0,1,1,0,0,0,0,0,0,1
1411,,1.1539e-07,1,0,1,1,0,0,0,0,0,1,0
1412,,2.3171e-10,1,0,1,1,0,0,0,0,0,1,1
1413,,9.1898e-08,1,0,1,1,0,0,0,0,1,0,0
1414,,9.2034e-11,1,0,1,1,0,0,0,0,1,0,1
1415,,9.5811e-12,1,0,1,1,0,0,0,0,1,1,0
1416,,9.6114e-15,1,0,1,1,0,0,0,0,1,1,1
1417,,1.166e-07,1,0,1,1,0,0,0,1,0,0,0
1418,,3.6188e-10,1,0,1,1,0,0,0,1,0,0,1
1419,,1.2195e-10,1,0,1,1,0,0,0,1,0,1,0
1420,,1.1716e-07,1,0,1,1,0,0,0,1,0,1,1
1421,,1.0195e-11,1,0,1,1,0,0,0,1,1,0,0
1422,,1.3193e-14,1,0,1,1,0,0,0,1,1,0,1
1423,,6.3558e-15,1,0,1,1,0,0,0,1,1,1,0
1424,,1.5079e-14,1,0,1,1,0,0,0,1,1,1,1
1425,,1.1607e-07,1,0,1,1,0,0,1,0,0,0,0
1426,,1.2676e-10,1,0,1,1,0,0,1,0,0,0,1
1427,,1.211e-10,1,0,1,1,0,0,1,0,0,1,0
1428,,1.0732e-11,1,0,1,1,0,0,1,0,0,1,1
1429,,9.2e-11,1,0,1,1,0,0,1,0,1,0,0
1430,,1.3422e-13,1,0,1,1,0,0,1,0,1,0,1
1431,,1.0731e-14,1,0,1,1,0,0,1,0,1,1,0
1432,,1.2167e-16,1,0,1,1,0,0,1,0,1,1,1
1433,,1.1672e-10,1,0,1,1,0,0,1,1,0,0,0
1434,,3.6295e-13,1,0,1,1,0,0,1,1,0,0,1
1435,,1.3056e-13,1,0,1,1,0,0,1,1,0,1,0
1436,,1.7923e-10,1,0,1,1,0,0,1,1,0,1,1
1437,,1.0206e-14,1,0,1,1,0,0,1,1,1,0,0
1438,,2.0232e-17,1,0,1,1,0,0,1,1,1,0,1
1439,,7.7127e-18,1,0,1,1,0,0,1,1,1,1,0
1440,,1.8441e-17,1,0,1,1,0,0,1,1,1,1,1
1441,,2.3102e-07,1,0,1,1,0,1,0,0,0,0,0
1442,,3.4806e-10,1,0,1,1,0,1,0,0,0,0,1
1443,,1.2578e-10,1,0,1,1,0,1,0,0,0,1,0
1444,,3.5413e-13,1,0,1,1,0,1,0,0,0,1,1
1445,,1.4281e-09,1,0,1,1,0,1,0,0,1,0,0
1446,,1.479e-12,1,0,1,1,0,1,0,0,1,0,1
1447,,6.2123e-14,1,0,1,1,0,1,0,0,1,1,0
1448,,7.9232e-17,1,0,1,1,0,1,0,0,1,1,1
1449,,1.2173e-10,1,0,1,1,0,1,0,1,0,0,0
1450,,1.6184e-12,1,0,1,1,0,1,0,1,0,0,1
1451,,1.2743e-13,1,0,1,1,0,1,0,1,0,1,0
1452,,1.1718e-10,1,0,1,1,0,1,0,1,0,1,1
1453,,6.2905e-14,1,0,1,1,0,1,0,1,1,0,0
1454,,1.9296e-16,1,0,1,1,0,1,0,1,1,0,1
1455,,8.495e-18,1,0,1,1,0,1,0,1,1,1,0
1456,,9.9856e-18,1,0,1,1,0,1,0,1,1,1,1
1457,,1.0549e-09,1,0,1,1,0,1,1,0,0,0,0
1458,,2.199e-13,1,0,1,1,0,1,1,0,0,0,1
1459,,1.1603e-07,1,0,1,1,0,1,1,0,0,1,0
1460,,6.2535e-12,1,0,1,1,0,1,1,0,0,1,1
1461,,8.7686e-11,1,0,1,1,0,1,1,0,1,0,0
1462,,1.0852e-13,1,0,1,1,0,1,1,0,1,0,1
1463,,6.4355e-12,1,0,1,1,0,1,1,0,1,1,0
1464,,1.0428e-13,1,0,1,1,0,1,1,0,1,1,1
1465,,2.2746e-13,1,0,1,1,0,1,1,1,0,0,0
1466,,1.9905e-15,1,0,1,1,0,1,1,1,0,0,1
1467,,1.178e-10,1,0,1,1,0,1,1,1,0,1,0
1468,,4.8596e-10,1,0,1,1,0,1,1,1,0,1,1
1469,,4.0717e-15,1,0,1,1,0,1,1,1,1,0,0
1470,,2.7927e-16,1,0,1,1,0,1,1,1,1,0,1
1471,,6.7351e-15,1,0,1,1,0,1,1,1,1,1,0
1472,,3.2239e-15,1,0,1,1,0,1,1,1,1,1,1
1473,,6.4211e-08,1,0,1,1,1,0,0,0,0,0,0
1474,,6.4277e-11,1,0,1,1,1,0,0,0,0,0,1
1475,,8.0709e-12,1,0,1,1,1,0,0,0,0,1,0
1476,,8.0885e-15,1,0,1,1,1,0,0,0,0,1,1
1477,,5.3818e-07,1,0,1,1,1,0,0,0,1,0,0
1478,,5.3872e-10,1,0,1,1,1,0,0,0,1,0,1
1479,,1.0747e-14,1,0,1,1,1,0,0,0,1,1,0
1480,,1.0761e-17,1,0,1,1,1,0,0,0,1,1,1
1481,,1.2253e-10,1,0,1,1,1,0,0,1,0,0,0
1482,,1.2532e-13,1,0,1,1,1,0,0,1,0,0,1
1483,,1.0875e-14,1,0,1,1,1,0,0,1,0,1,0
1484,,9.3474e-15,1,0,1,1,1,0,0,1,0,1,1
1485,,2.5337e-11,1,0,1,1,1,0,0,1,1,0,0
1486,,2.5362e-14,1,0,1,1,1,0,0,1,1,0,1
1487,,1.1808e-17,1,0,1,1,1,0,0,1,1,1,0
1488,,4.3369e-19,1,0,1,1,1,0,0,1,1,1,1
1489,,6.4278e-11,1,0,1,1,1,0,1,0,0,0,0
1490,,6.4819e-14,1,0,1,1,1,0,1,0,0,0,1
1491,,8.3456e-15,1,0,1,1,1,0,1,0,0,1,0
1492,,9.1427e-18,1,0,1,1,1,0,1,0,0,1,1
1493,,5.3875e-10,1,0,1,1,1,0,1,0,1,0,0
1494,,5.3934e-13,1,0,1,1,1,0,1,0,1,0,1
1495,,1.296e-17,1,0,1,1,1,0,1,0,1,1,0
1496,,1.1597e-19,1,0,1,1,1,0,1,0,1,1,1
1497,,1.2266e-13,1,0,1,1,1,0,1,1,0,0,0
1498,,1.2547e-16,1,0,1,1,1,0,1,1,0,0,1
1499,,1.1163e-17,1,0,1,1,1,0,1,1,0,1,0
1500,,9.6633e-18,1,0,1,1,1,0,1,1,0,1,1
1501,,2.5363e-14,1,0,1,1,1,0,1,1,1,0,0
1502,,2.5403e-17,1,0,1,1,1,0,1,1,1,0,1
1503,,1.2907e-20,1,0,1,1,1,0,1,1,1,1,0
1504,,4.7123e-22,1,0,1,1,1,0,1,1,1,1,1
1505,,2.4395e-10,1,0,1,1,1,1,0,0,0,0,0
1506,,3.0792e-13,1,0,1,1,1,1,0,0,0,0,1
1507,,1.3556e-14,1,0,1,1,1,1,0,0,0,1,0
1508,,2.154e-17,1,0,1,1,1,1,0,0,0,1,1
1509,,5.6324e-09,1,0,1,1,1,1,0,0,1,0,0
1510,,5.7462e-12,1,0,1,1,1,1,0,0,1,0,1
1511,,1.4403e-14,1,0,1,1,1,1,0,0,1,1,0
1512,,1.7072e-17,1,0,1,1,1,1,0,0,1,1,1
1513,,1.3078e-13,1,0,1,1,1,1,0,1,0,0,0
1514,,5.3593e-16,1,0,1,1,1,1,0,1,0,0,1
1515,,1.1375e-17,1,0,1,1,1,1,0,1,0,1,0
1516,,9.5421e-18,1,0,1,1,1,1,0,1,0,1,1
1517,,4.801e-14,1,0,1,1,1,1,0,1,1,0,0
1518,,3.9298e-16,1,0,1,1,1,1,0,1,1,0,1
1519,,6.6849e-19,1,0,1,1,1,1,0,1,1,1,0
1520,,1.693e-20,1,0,1,1,1,1,0,1,1,1,1
1521,,5.9341e-11,1,0,1,1,1,1,1,0,0,0,0
1522,,2.8284e-15,1,0,1,1,1,1,1,0,0,0,1
1523,,5.543e-12,1,0,1,1,1,1,1,0,0,1,0
1524,,3.3613e-16,1,0,1,1,1,1,1,0,0,1,1
1525,,6.4691e-10,1,0,1,1,1,1,1,0,1,0,0
1526,,3.035e-14,1,0,1,1,1,1,1,0,1,0,1
1527,,3.1249e-14,1,0,1,1,1,1,1,0,1,1,0
1528,,1.0543e-16,1,0,1,1,1,1,1,0,1,1,1
1529,,1.1745e-13,1,0,1,1,1,1,1,1,0,0,0
1530,,5.8504e-18,1,0,1,1,1,1,1,1,0,0,1
1531,,5.7713e-15,1,0,1,1,1,1,1,1,0,1,0
1532,,2.6897e-15,1,0,1,1,1,1,1,1,0,1,1
1533,,2.5617e-14,1,0,1,1,1,1,1,1,1,0,0
1534,,1.5519e-18,1,0,1,1,1,1,1,1,1,0,1
1535,,2.8743e-18,1,0,1,1,1,1,1,1,1,1,0
1536,,3.0064e-19,1,0,1,1,1,1,1,1,1,1,1
1537,,1.9648e-07,1,1,0,0,0,0,0,0,0,0,0
1538,,3.289e-10,1,1,0,0,0,0,0,0,0,0,1
1539,,8.4401e-11,1,1,0,0,0,0,0,0,0,1,0
1540,,9.0972e-12,1,1,0,0,0,0,0,0,0,1,1
1541,,1.4539e-05,1,1,0,0,0,0,0,0,1,0,0
1542,,1.4554e-08,1,1,0,0,0,0,0,0,1,0,1
1543,,6.5642e-10,1,1,0,0,0,0,0,0,1,1,0
1544,,6.5753e-13,1,1,0,0,0,0,0,0,1,1,1
1545,,1.9588e-07,1,1,0,0,0,0,0,1,0,0,0
1546,,2.3766e-07,1,1,0,0,0,0,0,1,0,0,1
1547,,2.046e-10,1,1,0,0,0,0,0,1,0,1,0
1548,,1.9627e-07,1,1,0,0,0,0,0,1,0,1,1
1549,,1.487e-08,1,1,0,0,0,0,0,1,1,0,0
1550,,1.3242e-10,1,1,0,0,0,0,0,1,1,0,1
1551,,1.0454e-12,1,1,0,0,0,0,0,1,1,1,0
1552,,9.0568e-12,1,1,0,0,0,0,0,1,1,1,1
1553,,1.9668e-10,1,1,0,0,0,0,1,0,0,0,0
1554,,7.0451e-13,1,1,0,0,0,0,1,0,0,0,1
1555,,8.9739e-14,1,1,0,0,0,0,1,0,0,1,0
1556,,3.8286e-12,1,1,0,0,0,0,1,0,0,1,1
1557,,1.4554e-08,1,1,0,0,0,0,1,0,1,0,0
1558,,1.985e-11,1,1,0,0,0,0,1,0,1,0,1
1559,,6.5808e-13,1,1,0,0,0,0,1,0,1,1,0
1560,,9.9909e-14,1,1,0,0,0,0,1,0,1,1,1
1561,,1.9608e-10,1,1,0,0,0,0,1,1,0,0,0
1562,,2.379e-10,1,1,0,0,0,0,1,1,0,0,1
1563,,2.3203e-13,1,1,0,0,0,0,1,1,0,1,0
1564,,2.2962e-10,1,1,0,0,0,0,1,1,0,1,1
1565,,1.4885e-11,1,1,0,0,0,0,1,1,1,0,0
1566,,2.7171e-13,1,1,0,0,0,0,1,1,1,0,1
1567,,1.7889e-15,1,1,0,0,0,0,1,1,1,1,0
1568,,1.5169e-14,1,1,0,0,0,0,1,1,1,1,1
1569,,1.9805e-10,1,1,0,0,0,1,0,0,0,0,0
1570,,7.2495e-13,1,1,0,0,0,1,0,0,0,0,1
1571,,8.973e-14,1,1,0,0,0,1,0,0,0,1,0
1572,,1.4502e-14,1,1,0,0,0,1,0,0,0,1,1
1573,,1.4579e-08,1,1,0,0,0,1,0,0,1,0,0
1574,,4.436e-11,1,1,0,0,0,1,0,0,1,0,1
1575,,6.5709e-13,1,1,0,0,0,1,0,0,1,1,0
1576,,6.5184e-15,1,1,0,0,0,1,0,0,1,1,1
1577,,1.9609e-10,1,1,0,0,0,1,0,1,0,0,0
1578,,4.3396e-10,1,1,0,0,0,1,0,1,0,0,1
1579,,2.3073e-13,1,1,0,0,0,1,0,1,0,1,0
1580,,2.075e-10,1,1,0,0,0,1,0,1,0,1,1
1581,,1.4686e-11,1,1,0,0,0,1,0,1,1,0,0
1582,,1.0685e-12,1,1,0,0,0,1,0,1,1,0,1
1583,,9.9017e-16,1,1,0,0,0,1,0,1,1,1,0
1584,,9.3597e-14,1,1,0,0,0,1,0,1,1,1,1
1585,,2.3452e-10,1,1,0,0,0,1,1,0,0,0,0
1586,,1.4367e-13,1,1,0,0,0,1,1,0,0,0,1
1587,,1.1174e-10,1,1,0,0,0,1,1,0,0,1,0
1588,,1.0623e-10,1,1,0,0,0,1,1,0,0,1,1
1589,,1.463e-08,1,1,0,0,0,1,1,0,1,0,0
1590,,2.3319e-10,1,1,0,0,0,1,1,0,1,0,1
1591,,1.4947e-11,1,1,0,0,0,1,1,0,1,1,0
1592,,9.4696e-11,1,1,0,0,0,1,1,0,1,1,1
1593,,7.0155e-13,1,1,0,0,0,1,1,1,0,0,0
1594,,8.3622e-11,1,1,0,0,0,1,1,1,0,0,1
1595,,5.6601e-10,1,1,0,0,0,1,1,1,0,1,0
1596,,2.3781e-07,1,1,0,0,0,1,1,1,0,1,1
1597,,1.4705e-11,1,1,0,0,0,1,1,1,1,0,0
1598,,1.388e-10,1,1,0,0,0,1,1,1,1,0,1
1599,,1.1576e-12,1,1,0,0,0,1,1,1,1,1,0
1600,,9.5726e-11,1,1,0,0,0,1,1,1,1,1,1
1601,,1.415e-07,1,1,0,0,1,0,0,0,0,0,0
1602,,1.4165e-10,1,1,0,0,1,0,0,0,0,0,1
1603,,2.7218e-12,1,1,0,0,1,0,0,0,0,1,0
1604,,3.131e-15,1,1,0,0,1,0,0,0,0,1,1
1605,,8.3497e-05,1,1,0,0,1,0,0,0,1,0,0
1606,,8.3581e-08,1,1,0,0,1,0,0,0,1,0,1
1607,,8.3446e-13,1,1,0,0,1,0,0,0,1,1,0
1608,,8.3533e-16,1,1,0,0,1,0,0,0,1,1,1
1609,,1.4052e-07,1,1,0,0,1,0,0,1,0,0,0
1610,,1.5144e-10,1,1,0,0,1,0,0,1,0,0,1
1611,,6.5624e-12,1,1,0,0,1,0,0,1,0,1,0
1612,,8.8572e-12,1,1,0,0,1,0,0,1,0,1,1
1613,,8.3354e-08,1,1,0,0,1,0,0,1,1,0,0
1614,,8.3583e-11,1,1,0,0,1,0,0,1,1,0,1
1615,,1.4191e-14,1,1,0,0,1,0,0,1,1,1,0
1616,,4.3169e-16,1,1,0,0,1,0,0,1,1,1,1
1617,,1.4165e-10,1,1,0,0,1,0,1,0,0,0,0
1618,,1.4193e-13,1,1,0,0,1,0,1,0,0,0,1
1619,,2.7324e-15,1,1,0,0,1,0,1,0,0,1,0
1620,,1.7545e-16,1,1,0,0,1,0,1,0,0,1,1
1621,,8.3585e-08,1,1,0,0,1,0,1,0,1,0,0
1622,,8.3684e-11,1,1,0,0,1,0,1,0,1,0,1
1623,,1.0339e-15,1,1,0,0,1,0,1,0,1,1,0
1624,,9.59e-17,1,1,0,0,1,0,1,0,1,1,1
1625,,1.4067e-10,1,1,0,0,1,0,1,1,0,0,0
1626,,1.5158e-13,1,1,0,0,1,0,1,1,0,0,1
1627,,6.5908e-15,1,1,0,0,1,0,1,1,0,1,0
1628,,9.3837e-15,1,1,0,0,1,0,1,1,0,1,1
1629,,8.3442e-11,1,1,0,0,1,0,1,1,1,0,0
1630,,8.3548e-14,1,1,0,0,1,0,1,1,1,0,1
1631,,1.5574e-17,1,1,0,0,1,0,1,1,1,1,0
1632,,4.3135e-18,1,1,0,0,1,0,1,1,1,1,1
1633,,1.464e-10,1,1,0,0,1,1,0,0,0,0,0
1634,,4.3154e-13,1,1,0,0,1,1,0,0,0,0,1
1635,,2.7332e-15,1,1,0,0,1,1,0,0,0,1,0
1636,,1.2959e-17,1,1,0,0,1,1,0,0,0,1,1
1637,,2.8611e-07,1,1,0,0,1,1,0,0,1,0,0
1638,,4.5329e-10,1,1,0,0,1,1,0,0,1,0,1
1639,,2.9638e-14,1,1,0,0,1,1,0,0,1,1,0
1640,,4.4611e-17,1,1,0,0,1,1,0,0,1,1,1
1641,,1.4068e-10,1,1,0,0,1,1,0,1,0,0,0
1642,,1.3998e-10,1,1,0,0,1,1,0,1,0,0,1
1643,,6.5913e-15,1,1,0,0,1,1,0,1,0,1,0
1644,,1.6117e-14,1,1,0,0,1,1,0,1,0,1,1
1645,,9.2767e-11,1,1,0,0,1,1,0,1,1,0,0
1646,,1.4008e-10,1,1,0,0,1,1,0,1,1,0,1
1647,,2.8194e-17,1,1,0,0,1,1,0,1,1,1,0
1648,,6.4401e-15,1,1,0,0,1,1,0,1,1,1,1
1649,,1.4219e-10,1,1,0,0,1,1,1,0,0,0,0
1650,,7.1027e-15,1,1,0,0,1,1,1,0,0,0,1
1651,,1.7363e-13,1,1,0,0,1,1,1,0,0,1,0
1652,,6.0434e-15,1,1,0,0,1,1,1,0,0,1,1
1653,,8.6615e-08,1,1,0,0,1,1,1,0,1,0,0
1654,,4.6238e-12,1,1,0,0,1,1,1,0,1,0,1
1655,,3.9475e-12,1,1,0,0,1,1,1,0,1,1,0
1656,,9.4944e-14,1,1,0,0,1,1,1,0,1,1,1
1657,,1.4088e-10,1,1,0,0,1,1,1,1,0,0,0
1658,,1.6672e-13,1,1,0,0,1,1,1,1,0,0,1
1659,,4.7901e-13,1,1,0,0,1,1,1,1,0,1,0
1660,,1.1009e-11,1,1,0,0,1,1,1,1,0,1,1
1661,,8.4222e-11,1,1,0,0,1,1,1,1,1,0,0
1662,,1.819e-13,1,1,0,0,1,1,1,1,1,0,1
1663,,5.5117e-15,1,1,0,0,1,1,1,1,1,1,0
1664,,8.4009e-14,1,1,0,0,1,1,1,1,1,1,1
1665,,1.034e-09,1,1,0,1,0,0,0,0,0,0,0
1666,,1.1767e-12,1,1,0,1,0,0,0,0,0,0,1
1667,,2.0477e-13,1,1,0,1,0,0,0,0,0,1,0
1668,,6.0665e-14,1,1,0,1,0,0,0,0,0,1,1
1669,,1.4669e-08,1,1,0,1,0,0,0,0,1,0,0
1670,,1.4684e-11,1,1,0,1,0,0,0,0,1,0,1
1671,,6.6201e-13,1,1,0,1,0,0,0,0,1,1,0
1672,,6.6312e-16,1,1,0,1,0,0,0,0,1,1,1
1673,,1.3244e-09,1,1,0,1,0,0,0,1,0,0,0
1674,,2.9892e-10,1,1,0,1,0,0,0,1,0,0,1
1675,,1.3838e-12,1,1,0,1,0,0,0,1,0,1,0
1676,,1.3217e-09,1,1,0,1,0,0,0,1,0,1,1
1677,,1.5221e-11,1,1,0,1,0,0,0,1,1,0,0
1678,,1.3317e-13,1,1,0,1,0,0,0,1,1,0,1
1679,,1.2723e-15,1,1,0,1,0,0,0,1,1,1,0
1680,,9.19e-15,1,1,0,1,0,0,0,1,1,1,1
1681,,1.0353e-12,1,1,0,1,0,0,1,0,0,0,0
1682,,5.2665e-12,1,1,0,1,0,0,1,0,0,0,1
1683,,4.6407e-16,1,1,0,1,0,0,1,0,0,1,0
1684,,5.2557e-12,1,1,0,1,0,0,1,0,0,1,1
1685,,1.4684e-11,1,1,0,1,0,0,1,0,1,0,0
1686,,4.0956e-14,1,1,0,1,0,0,1,0,1,0,1
1687,,6.6369e-16,1,1,0,1,0,0,1,0,1,1,0
1688,,1.065e-16,1,1,0,1,0,0,1,0,1,1,1
1689,,1.3257e-12,1,1,0,1,0,0,1,1,0,0,0
1690,,2.9969e-13,1,1,0,1,0,0,1,1,0,0,1
1691,,4.0411e-15,1,1,0,1,0,0,1,1,0,1,0
1692,,5.7964e-11,1,1,0,1,0,0,1,1,0,1,1
1693,,1.5237e-14,1,1,0,1,0,0,1,1,1,0,0
1694,,2.7869e-16,1,1,0,1,0,0,1,1,1,0,1
1695,,2.2307e-18,1,1,0,1,0,0,1,1,1,1,0
1696,,1.8358e-17,1,1,0,1,0,0,1,1,1,1,1
1697,,2.1925e-12,1,1,0,1,0,1,0,0,0,0,0
1698,,5.1509e-15,1,1,0,1,0,1,0,0,0,0,1
1699,,2.6767e-16,1,1,0,1,0,1,0,0,0,1,0
1700,,6.6711e-17,1,1,0,1,0,1,0,0,0,1,1
1701,,1.5726e-11,1,1,0,1,0,1,0,0,1,0,0
1702,,4.6508e-14,1,1,0,1,0,1,0,0,1,0,1
1703,,6.9979e-16,1,1,0,1,0,1,0,0,1,1,0
1704,,6.7754e-18,1,1,0,1,0,1,0,0,1,1,1
1705,,1.3247e-12,1,1,0,1,0,1,0,1,0,0,0
1706,,1.7399e-12,1,1,0,1,0,1,0,1,0,0,1
1707,,1.4649e-15,1,1,0,1,0,1,0,1,0,1,0
1708,,1.3371e-12,1,1,0,1,0,1,0,1,0,1,1
1709,,1.5772e-14,1,1,0,1,0,1,0,1,1,0,0
1710,,1.1972e-15,1,1,0,1,0,1,0,1,1,0,1
1711,,1.1863e-18,1,1,0,1,0,1,0,1,1,1,0
1712,,9.4017e-17,1,1,0,1,0,1,0,1,1,1,1
1713,,8.4652e-13,1,1,0,1,0,1,1,0,0,0,0
1714,,4.1988e-16,1,1,0,1,0,1,1,0,0,0,1
1715,,2.281e-13,1,1,0,1,0,1,1,0,0,1,0
1716,,9.5545e-14,1,1,0,1,0,1,1,0,0,1,1
1717,,1.4759e-11,1,1,0,1,0,1,1,0,1,0,0
1718,,2.3814e-13,1,1,0,1,0,1,1,0,1,0,1
1719,,1.5082e-14,1,1,0,1,0,1,1,0,1,1,0
1720,,9.9197e-14,1,1,0,1,0,1,1,0,1,1,1
1721,,3.4536e-15,1,1,0,1,0,1,1,1,0,0,0
1722,,8.5164e-14,1,1,0,1,0,1,1,1,0,0,1
1723,,1.7969e-12,1,1,0,1,0,1,1,1,0,1,0
1724,,3.0385e-10,1,1,0,1,0,1,1,1,0,1,1
1725,,1.4837e-14,1,1,0,1,0,1,1,1,1,0,0
1726,,1.3922e-13,1,1,0,1,0,1,1,1,1,0,1
1727,,1.5267e-15,1,1,0,1,0,1,1,1,1,1,0
1728,,9.6243e-14,1,1,0,1,0,1,1,1,1,1,1
1729,,1.4244e-10,1,1,0,1,1,0,0,0,0,0,0
1730,,1.4259e-13,1,1,0,1,1,0,0,0,0,0,1
1731,,2.733e-15,1,1,0,1,1,0,0,0,0,1,0
1732,,3.1459e-18,1,1,0,1,1,0,0,0,0,1,1
1733,,8.4286e-08,1,1,0,1,1,0,0,0,1,0,0
1734,,8.437e-11,1,1,0,1,1,0,0,0,1,0,1
1735,,8.4163e-16,1,1,0,1,1,0,0,0,1,1,0
1736,,8.4251e-19,1,1,0,1,1,0,0,0,1,1,1
1737,,1.9946e-10,1,1,0,1,1,0,0,1,0,0,0
1738,,2.1047e-13,1,1,0,1,1,0,0,1,0,0,1
1739,,9.3643e-15,1,1,0,1,1,0,0,1,0,1,0
1740,,8.9403e-15,1,1,0,1,1,0,0,1,0,1,1
1741,,8.4261e-11,1,1,0,1,1,0,0,1,1,0,0
1742,,8.4491e-14,1,1,0,1,1,0,0,1,1,0,1
1743,,1.9727e-17,1,1,0,1,1,0,0,1,1,1,0
1744,,4.4087e-19,1,1,0,1,1,0,0,1,1,1,1
1745,,1.4259e-13,1,1,0,1,1,0,1,0,0,0,0
1746,,3.8188e-16,1,1,0,1,1,0,1,0,0,0,1
1747,,2.7439e-18,1,1,0,1,1,0,1,0,0,1,0
1748,,6.0657e-19,1,1,0,1,1,0,1,0,0,1,1
1749,,8.4374e-11,1,1,0,1,1,0,1,0,1,0,0
1750,,8.4518e-14,1,1,0,1,1,0,1,0,1,0,1
1751,,1.043e-18,1,1,0,1,1,0,1,0,1,1,0
1752,,1.0114e-19,1,1,0,1,1,0,1,0,1,1,1
1753,,1.9966e-13,1,1,0,1,1,0,1,1,0,0,0
1754,,2.1069e-16,1,1,0,1,1,0,1,1,0,0,1
1755,,9.4057e-18,1,1,0,1,1,0,1,1,0,1,0
1756,,9.6482e-18,1,1,0,1,1,0,1,1,0,1,1
1757,,8.435e-14,1,1,0,1,1,0,1,1,1,0,0
1758,,8.447e-17,1,1,0,1,1,0,1,1,1,0,1
1759,,2.1446e-20,1,1,0,1,1,0,1,1,1,1,0
1760,,4.3492e-21,1,1,0,1,1,0,1,1,1,1,1
1761,,1.5e-13,1,1,0,1,1,1,0,0,0,0,0
1762,,4.3613e-16,1,1,0,1,1,1,0,0,0,0,1
1763,,2.7972e-18,1,1,0,1,1,1,0,0,0,1,0
1764,,1.3135e-20,1,1,0,1,1,1,0,0,0,1,1
1765,,2.9249e-10,1,1,0,1,1,1,0,0,1,0,0
1766,,4.6023e-13,1,1,0,1,1,1,0,0,1,0,1
1767,,3.8896e-17,1,1,0,1,1,1,0,0,1,1,0
1768,,5.4115e-20,1,1,0,1,1,1,0,0,1,1,1
1769,,1.9967e-13,1,1,0,1,1,1,0,1,0,0,0
1770,,1.4058e-13,1,1,0,1,1,1,0,1,0,0,1
1771,,9.4059e-18,1,1,0,1,1,1,0,1,0,1,0
1772,,1.6281e-17,1,1,0,1,1,1,0,1,0,1,1
1773,,9.4175e-14,1,1,0,1,1,1,0,1,1,0,0
1774,,1.4057e-13,1,1,0,1,1,1,0,1,1,0,1
1775,,4.035e-20,1,1,0,1,1,1,0,1,1,1,0
1776,,6.4623e-18,1,1,0,1,1,1,0,1,1,1,1
1777,,1.4302e-13,1,1,0,1,1,1,1,0,0,0,0
1778,,7.1626e-18,1,1,0,1,1,1,1,0,0,0,1
1779,,1.7928e-16,1,1,0,1,1,1,1,0,0,1,0
1780,,6.4453e-18,1,1,0,1,1,1,1,0,0,1,1
1781,,8.7413e-11,1,1,0,1,1,1,1,0,1,0,0
1782,,4.6715e-15,1,1,0,1,1,1,1,0,1,0,1
1783,,3.9839e-15,1,1,0,1,1,1,1,0,1,1,0
1784,,9.9437e-17,1,1,0,1,1,1,1,0,1,1,1
1785,,1.9992e-13,1,1,0,1,1,1,1,1,0,0,0
1786,,1.7001e-16,1,1,0,1,1,1,1,1,0,0,1
1787,,6.9981e-16,1,1,0,1,1,1,1,1,0,1,0
1788,,1.1051e-14,1,1,0,1,1,1,1,1,0,1,1
1789,,8.5192e-14,1,1,0,1,1,1,1,1,1,0,0
1790,,1.8249e-16,1,1,0,1,1,1,1,1,1,0,1
1791,,6.044e-18,1,1,0,1,1,1,1,1,1,1,0
1792,,8.4265e-17,1,1,0,1,1,1,1,1,1,1,1
1793,,4.9498e-09,1,1,1,0,0,0,0,0,0,0,0
1794,,6.379e-12,1,1,1,0,0,0,0,0,0,0,1
1795,,3.9893e-12,1,1,1,0,0,0,0,0,0,1,0
1796,,6.8617e-14,1,1,1,0,0,0,0,0,0,1,1
1797,,1.8808e-08,1,1,1,0,0,0,0,0,1,0,0
1798,,1.8829e-11,1,1,1,0,0,0,0,0,1,0,1
1799,,8.5587e-13,1,1,1,0,0,0,0,0,1,1,0
1800,,8.5762e-16,1,1,1,0,0,0,0,0,1,1,1
1801,,1.2576e-09,1,1,1,0,0,0,0,1,0,0,0
1802,,3.1205e-10,1,1,1,0,0,0,0,1,0,0,1
1803,,1.3173e-12,1,1,1,0,0,0,0,1,0,1,0
1804,,1.3342e-09,1,1,1,0,0,0,0,1,0,1,1
1805,,1.5801e-11,1,1,1,0,0,0,0,1,1,0,0
1806,,1.3896e-13,1,1,1,0,0,0,0,1,1,0,1
1807,,1.1666e-15,1,1,1,0,0,0,0,1,1,1,0
1808,,9.7094e-15,1,1,1,0,0,0,0,1,1,1,1
1809,,4.9548e-12,1,1,1,0,0,0,1,0,0,0,0
1810,,6.4422e-15,1,1,1,0,0,0,1,0,0,0,1
1811,,4.2346e-15,1,1,1,0,0,0,1,0,0,1,0
1812,,2.5467e-16,1,1,1,0,0,0,1,0,0,1,1
1813,,1.8827e-11,1,1,1,0,0,0,1,0,1,0,0
1814,,1.9104e-14,1,1,1,0,0,0,1,0,1,0,1
1815,,8.6691e-16,1,1,1,0,0,0,1,0,1,1,0
1816,,5.5034e-18,1,1,1,0,0,0,1,0,1,1,1
1817,,1.2588e-12,1,1,1,0,0,0,1,1,0,0,0
1818,,3.1236e-13,1,1,1,0,0,0,1,1,0,0,1
1819,,1.4061e-15,1,1,1,0,0,0,1,1,0,1,0
1820,,1.4123e-12,1,1,1,0,0,0,1,1,0,1,1
1821,,1.5818e-14,1,1,1,0,0,0,1,1,1,0,0
1822,,2.8451e-16,1,1,1,0,0,0,1,1,1,0,1
1823,,1.9704e-18,1,1,1,0,0,0,1,1,1,1,0
1824,,1.6133e-17,1,1,1,0,0,0,1,1,1,1,1
1825,,6.1331e-12,1,1,1,0,0,1,0,0,0,0,0
1826,,1.4279e-14,1,1,1,0,0,1,0,0,0,0,1
1827,,4.2926e-15,1,1,1,0,0,1,0,0,0,1,0
1828,,7.8982e-17,1,1,1,0,0,1,0,0,0,1,1
1829,,1.9908e-11,1,1,1,0,0,1,0,0,1,0,0
1830,,5.2665e-14,1,1,1,0,0,1,0,0,1,0,1
1831,,8.9094e-16,1,1,1,0,0,1,0,0,1,1,0
1832,,3.5058e-18,1,1,1,0,0,1,0,0,1,1,1
1833,,1.2577e-12,1,1,1,0,0,1,0,1,0,0,0
1834,,1.7622e-12,1,1,1,0,0,1,0,1,0,0,1
1835,,1.3949e-15,1,1,1,0,0,1,0,1,0,1,0
1836,,1.3502e-12,1,1,1,0,0,1,0,1,0,1,1
1837,,1.6422e-14,1,1,1,0,0,1,0,1,1,0,0
1838,,1.2351e-15,1,1,1,0,0,1,0,1,1,0,1
1839,,1.1401e-18,1,1,1,0,0,1,0,1,1,1,0
1840,,9.8208e-17,1,1,1,0,0,1,0,1,1,1,1
1841,,6.3426e-12,1,1,1,0,0,1,1,0,0,0,0
1842,,1.5367e-15,1,1,1,0,0,1,1,0,0,0,1
1843,,5.3125e-12,1,1,1,0,0,1,1,0,0,1,0
1844,,2.588e-14,1,1,1,0,0,1,1,0,0,1,1
1845,,1.9057e-11,1,1,1,0,0,1,1,0,1,0,0
1846,,1.5042e-13,1,1,1,0,0,1,1,0,1,0,1
1847,,3.3025e-14,1,1,1,0,0,1,1,0,1,1,0
1848,,5.1326e-15,1,1,1,0,0,1,1,0,1,1,1
1849,,3.8335e-15,1,1,1,0,0,1,1,1,0,0,0
1850,,8.8869e-14,1,1,1,0,0,1,1,1,0,0,1
1851,,1.7228e-12,1,1,1,0,0,1,1,1,0,1,0
1852,,3.1399e-10,1,1,1,0,0,1,1,1,0,1,1
1853,,1.5567e-14,1,1,1,0,0,1,1,1,1,0,0
1854,,1.4527e-13,1,1,1,0,0,1,1,1,1,0,1
1855,,1.2926e-15,1,1,1,0,0,1,1,1,1,1,0
1856,,1.0036e-13,1,1,1,0,0,1,1,1,1,1,1
1857,,2.8161e-09,1,1,1,0,1,0,0,0,0,0,0
1858,,2.819e-12,1,1,1,0,1,0,0,0,0,0,1
1859,,1.2648e-13,1,1,1,0,1,0,0,0,0,1,0
1860,,1.2721e-16,1,1,1,0,1,0,0,0,0,1,1
1861,,1.1179e-07,1,1,1,0,1,0,0,0,1,0,0
1862,,1.119e-10,1,1,1,0,1,0,0,0,1,0,1
1863,,1.3332e-15,1,1,1,0,1,0,0,0,1,1,0
1864,,1.3347e-18,1,1,1,0,1,0,0,0,1,1,1
1865,,1.5242e-10,1,1,1,0,1,0,0,1,0,0,0
1866,,1.6397e-13,1,1,1,0,1,0,0,1,0,0,1
1867,,7.1636e-15,1,1,1,0,1,0,0,1,0,1,0
1868,,9.4461e-15,1,1,1,0,1,0,0,1,0,1,1
1869,,8.8382e-11,1,1,1,0,1,0,0,1,1,0,0
1870,,8.8622e-14,1,1,1,0,1,0,0,1,1,0,1
1871,,1.5362e-17,1,1,1,0,1,0,0,1,1,1,0
1872,,4.6036e-19,1,1,1,0,1,0,0,1,1,1,1
1873,,2.8191e-12,1,1,1,0,1,0,1,0,0,0,0
1874,,2.8218e-15,1,1,1,0,1,0,1,0,0,0,1
1875,,1.2696e-16,1,1,1,0,1,0,1,0,0,1,0
1876,,1.3538e-19,1,1,1,0,1,0,1,0,0,1,1
1877,,1.1191e-10,1,1,1,0,1,0,1,0,1,0,0
1878,,1.1201e-13,1,1,1,0,1,0,1,0,1,0,1
1879,,1.8102e-18,1,1,1,0,1,0,1,0,1,1,0
1880,,5.8019e-21,1,1,1,0,1,0,1,0,1,1,1
1881,,1.5258e-13,1,1,1,0,1,0,1,1,0,0,0
1882,,1.6413e-16,1,1,1,0,1,0,1,1,0,0,1
1883,,7.1966e-18,1,1,1,0,1,0,1,1,0,1,0
1884,,1.0001e-17,1,1,1,0,1,0,1,1,0,1,1
1885,,8.8475e-14,1,1,1,0,1,0,1,1,1,0,0
1886,,8.8586e-17,1,1,1,0,1,0,1,1,1,0,1
1887,,1.6842e-20,1,1,1,0,1,0,1,1,1,1,0
1888,,4.5174e-21,1,1,1,0,1,0,1,1,1,1,1
1889,,2.8312e-12,1,1,1,0,1,1,0,0,0,0,0
1890,,5.7762e-15,1,1,1,0,1,1,0,0,0,0,1
1891,,1.2703e-16,1,1,1,0,1,1,0,0,0,1,0
1892,,2.6412e-19,1,1,1,0,1,1,0,0,0,1,1
1893,,4.9509e-10,1,1,1,0,1,1,0,0,1,0,0
1894,,6.7506e-13,1,1,1,0,1,1,0,0,1,0,1
1895,,4.4659e-16,1,1,1,0,1,1,0,0,1,1,0
1896,,5.7455e-19,1,1,1,0,1,1,0,0,1,1,1
1897,,1.5259e-13,1,1,1,0,1,1,0,1,0,0,0
1898,,1.4657e-13,1,1,1,0,1,1,0,1,0,0,1
1899,,7.1969e-18,1,1,1,0,1,1,0,1,0,1,0
1900,,1.7105e-17,1,1,1,0,1,1,0,1,0,1,1
1901,,9.896e-14,1,1,1,0,1,1,0,1,1,0,0
1902,,1.4662e-13,1,1,1,0,1,1,0,1,1,0,1
1903,,4.8859e-20,1,1,1,0,1,1,0,1,1,1,0
1904,,6.7405e-18,1,1,1,0,1,1,0,1,1,1,1
1905,,2.8293e-12,1,1,1,0,1,1,1,0,0,0,0
1906,,1.3445e-16,1,1,1,0,1,1,1,0,0,0,1
1907,,7.9031e-15,1,1,1,0,1,1,1,0,0,1,0
1908,,4.5803e-18,1,1,1,0,1,1,1,0,0,1,1
1909,,2.1493e-10,1,1,1,0,1,1,1,0,1,0,0
1910,,1.0321e-14,1,1,1,0,1,1,1,0,1,0,1
1911,,1.0137e-14,1,1,1,0,1,1,1,0,1,1,0
1912,,5.6011e-18,1,1,1,0,1,1,1,0,1,1,1
1913,,1.5277e-13,1,1,1,0,1,1,1,1,0,0,0
1914,,1.7475e-16,1,1,1,0,1,1,1,1,0,0,1
1915,,5.6486e-16,1,1,1,0,1,1,1,1,0,1,0
1916,,1.1644e-14,1,1,1,0,1,1,1,1,0,1,1
1917,,8.9318e-14,1,1,1,0,1,1,1,1,1,0,0
1918,,1.9044e-16,1,1,1,0,1,1,1,1,1,0,1
1919,,5.8835e-18,1,1,1,0,1,1,1,1,1,1,0
1920,,8.7926e-17,1,1,1,0,1,1,1,1,1,1,1
1921,,9.3617e-07,1,1,1,1,0,0,0,0,0,0,0
1922,,9.4122e-10,1,1,1,1,0,0,0,0,0,0,1
1923,,1.2601e-10,1,1,1,1,0,0,0,0,0,1,0
1924,,5.1335e-11,1,1,1,1,0,0,0,0,0,1,1
1925,,1.153e-07,1,1,1,1,0,0,0,0,1,0,0
1926,,1.1542e-10,1,1,1,1,0,0,0,0,1,0,1
1927,,4.9246e-12,1,1,1,1,0,0,0,0,1,1,0
1928,,4.9352e-15,1,1,1,1,0,0,0,0,1,1,1
1929,,1.1285e-06,1,1,1,1,0,0,0,1,0,0,0
1930,,6.1251e-08,1,1,1,1,0,0,0,1,0,0,1
1931,,1.1789e-09,1,1,1,1,0,0,0,1,0,1,0
1932,,1.1254e-06,1,1,1,1,0,0,0,1,0,1,1
1933,,3.3597e-10,1,1,1,1,0,0,0,1,1,0,0
1934,,6.2242e-13,1,1,1,1,0,0,0,1,1,0,1
1935,,2.2564e-13,1,1,1,1,0,0,0,1,1,1,0
1936,,1.2406e-13,1,1,1,1,0,0,0,1,1,1,1
1937,,9.3715e-10,1,1,1,1,0,0,1,0,0,0,0
1938,,9.5343e-13,1,1,1,1,0,0,1,0,0,0,1
1939,,1.3201e-13,1,1,1,1,0,0,1,0,0,1,0
1940,,5.9438e-14,1,1,1,1,0,0,1,0,0,1,1
1941,,1.1543e-10,1,1,1,1,0,0,1,0,1,0,0
1942,,1.1583e-13,1,1,1,1,0,0,1,0,1,0,1
1943,,4.9383e-15,1,1,1,1,0,0,1,0,1,1,0
1944,,5.0097e-18,1,1,1,1,0,0,1,0,1,1,1
1945,,1.1296e-09,1,1,1,1,0,0,1,1,0,0,0
1946,,6.1313e-11,1,1,1,1,0,0,1,1,0,0,1
1947,,1.2443e-12,1,1,1,1,0,0,1,1,0,1,0
1948,,1.1817e-09,1,1,1,1,0,0,1,1,0,1,1
1949,,3.3632e-13,1,1,1,1,0,0,1,1,1,0,0
1950,,9.0223e-16,1,1,1,1,0,0,1,1,1,0,1
1951,,4.3958e-16,1,1,1,1,0,0,1,1,1,1,0
1952,,1.9998e-16,1,1,1,1,0,0,1,1,1,1,1
1953,,2.0984e-09,1,1,1,1,0,1,0,0,0,0,0
1954,,4.6288e-12,1,1,1,1,0,1,0,0,0,0,1
1955,,1.8416e-13,1,1,1,1,0,1,0,0,0,1,0
1956,,5.2856e-14,1,1,1,1,0,1,0,0,0,1,1
1957,,1.1605e-09,1,1,1,1,0,1,0,0,1,0,0
1958,,2.2264e-12,1,1,1,1,0,1,0,0,1,0,1
1959,,4.2041e-14,1,1,1,1,0,1,0,0,1,1,0
1960,,5.1228e-17,1,1,1,1,0,1,0,0,1,1,1
1961,,1.1285e-09,1,1,1,1,0,1,0,1,0,0,0
1962,,1.3062e-09,1,1,1,1,0,1,0,1,0,0,1
1963,,1.2339e-12,1,1,1,1,0,1,0,1,0,1,0
1964,,1.1295e-09,1,1,1,1,0,1,0,1,0,1,1
1965,,1.0732e-12,1,1,1,1,0,1,0,1,1,0,0
1966,,1.2778e-13,1,1,1,1,0,1,0,1,1,0,1
1967,,1.9499e-16,1,1,1,1,0,1,0,1,1,1,0
1968,,3.1906e-16,1,1,1,1,0,1,0,1,1,1,1
1969,,8.2103e-10,1,1,1,1,0,1,1,0,0,0,0
1970,,4.1822e-14,1,1,1,1,0,1,1,0,0,0,1
1971,,1.2164e-10,1,1,1,1,0,1,1,0,0,1,0
1972,,2.9304e-12,1,1,1,1,0,1,1,0,0,1,1
1973,,1.1806e-10,1,1,1,1,0,1,1,0,1,0,0
1974,,5.5992e-13,1,1,1,1,0,1,1,0,1,0,1
1975,,1.1703e-13,1,1,1,1,0,1,1,0,1,1,0
1976,,7.5528e-16,1,1,1,1,0,1,1,0,1,1,1
1977,,2.9903e-12,1,1,1,1,0,1,1,1,0,0,0
1978,,1.5354e-12,1,1,1,1,0,1,1,1,0,0,1
1979,,1.2304e-09,1,1,1,1,0,1,1,1,0,1,0
1980,,6.2992e-08,1,1,1,1,0,1,1,1,0,1,1
1981,,1.1808e-13,1,1,1,1,0,1,1,1,1,0,0
1982,,2.7879e-13,1,1,1,1,0,1,1,1,1,0,1
1983,,3.6757e-13,1,1,1,1,0,1,1,1,1,1,0
1984,,2.6412e-13,1,1,1,1,0,1,1,1,1,1,1
1985,,8.094e-10,1,1,1,1,1,0,0,0,0,0,0
1986,,8.1022e-13,1,1,1,1,1,0,0,0,0,0,1
1987,,8.9392e-15,1,1,1,1,1,0,0,0,0,1,0
1988,,1.2197e-17,1,1,1,1,1,0,0,0,0,1,1
1989,,7.0437e-07,1,1,1,1,1,0,0,0,1,0,0
1990,,7.0507e-10,1,1,1,1,1,0,0,0,1,0,1
1991,,6.3368e-15,1,1,1,1,1,0,0,0,1,1,0
1992,,6.3434e-18,1,1,1,1,1,0,0,0,1,1,1
1993,,5.8733e-08,1,1,1,1,1,0,0,1,0,0,0
1994,,5.8818e-11,1,1,1,1,1,0,0,1,0,0,1
1995,,2.7925e-12,1,1,1,1,1,0,0,1,0,1,0
1996,,7.4112e-14,1,1,1,1,1,0,0,1,0,1,1
1997,,8.2222e-10,1,1,1,1,1,0,0,1,1,0,0
1998,,8.234e-13,1,1,1,1,1,0,0,1,1,0,1
1999,,5.5162e-15,1,1,1,1,1,0,0,1,1,1,0
2000,,8.7378e-18,1,1,1,1,1,0,0,1,1,1,1
2001,,8.1024e-13,1,1,1,1,1,0,1,0,0,0,0
2002,,8.1154e-16,1,1,1,1,1,0,1,0,0,0,1
2003,,9.2297e-18,1,1,1,1,1,0,1,0,0,1,0
2004,,1.277e-20,1,1,1,1,1,0,1,0,0,1,1
2005,,7.051e-10,1,1,1,1,1,0,1,0,1,0,0
2006,,7.0578e-13,1,1,1,1,1,0,1,0,1,0,1
2007,,8.0329e-18,1,1,1,1,1,0,1,0,1,1,0
2008,,6.4648e-21,1,1,1,1,1,0,1,0,1,1,1
2009,,5.8795e-11,1,1,1,1,1,0,1,1,0,0,0
2010,,5.8877e-14,1,1,1,1,1,0,1,1,0,0,1
2011,,2.8055e-15,1,1,1,1,1,0,1,1,0,1,0
2012,,7.5548e-17,1,1,1,1,1,0,1,1,0,1,1
2013,,8.232e-13,1,1,1,1,1,0,1,1,1,0,0
2014,,8.2393e-16,1,1,1,1,1,0,1,1,1,0,1
2015,,5.8508e-18,1,1,1,1,1,0,1,1,1,1,0
2016,,1.6687e-20,1,1,1,1,1,0,1,1,1,1,1
2017,,3.7391e-12,1,1,1,1,1,1,0,0,0,0,0
2018,,4.4641e-15,1,1,1,1,1,1,0,0,0,0,1
2019,,6.2162e-17,1,1,1,1,1,1,0,0,0,1,0
2020,,1.4662e-19,1,1,1,1,1,1,0,0,0,1,1
2021,,6.258e-09,1,1,1,1,1,1,0,0,1,0,0
2022,,6.6488e-12,1,1,1,1,1,1,0,0,1,0,1
2023,,9.2208e-15,1,1,1,1,1,1,0,0,1,1,0
2024,,9.2514e-18,1,1,1,1,1,1,0,0,1,1,1
2025,,5.8797e-11,1,1,1,1,1,1,0,1,0,0,0
2026,,4.5796e-13,1,1,1,1,1,1,0,1,0,0,1
2027,,2.8053e-15,1,1,1,1,1,1,0,1,0,1,0
2028,,1.4723e-16,1,1,1,1,1,1,0,1,0,1,1
2029,,1.3213e-12,1,1,1,1,1,1,0,1,1,0,0
2030,,3.4327e-13,1,1,1,1,1,1,0,1,1,0,1
2031,,1.2116e-17,1,1,1,1,1,1,0,1,1,1,0
2032,,1.5721e-17,1,1,1,1,1,1,0,1,1,1,1
2033,,8.1097e-13,1,1,1,1,1,1,1,0,0,0,0
2034,,3.8508e-17,1,1,1,1,1,1,1,0,0,0,1
2035,,5.8586e-15,1,1,1,1,1,1,1,0,0,1,0
2036,,5.0353e-18,1,1,1,1,1,1,1,0,0,1,1
2037,,7.1083e-10,1,1,1,1,1,1,1,0,1,0,0
2038,,3.4045e-14,1,1,1,1,1,1,1,0,1,0,1
2039,,3.2401e-14,1,1,1,1,1,1,1,0,1,1,0
2040,,1.9677e-18,1,1,1,1,1,1,1,0,1,1,1
2041,,5.8832e-11,1,1,1,1,1,1,1,1,0,0,0
2042,,3.1215e-15,1,1,1,1,1,1,1,1,0,0,1
2043,,2.2016e-13,1,1,1,1,1,1,1,1,0,1,0
2044,,3.0632e-14,1,1,1,1,1,1,1,1,0,1,1
2045,,8.8496e-13,1,1,1,1,1,1,1,1,1,0,0
2046,,4.0401e-16,1,1,1,1,1,1,1,1,1,0,1
2047,,5.263e-16,1,1,1,1,1,1,1,1,1,1,0
2048,,1.7072e-16,1,1,1,1,1,1,1,1,1,1,1
